sample_index,relu_layer_index,input_shape,tightening_algorithm,bounds_time_seconds,constraint_time_seconds,relu_total_count,relu_stable_count,relu_unstable_count,relu_zero_output_count,relu_linear_in_input_count,relu_constant_output_count
1,1,1x14x14x16,interval_arithmetic,0.434691807,0.638939905,3136,3099,37,2249,850,0
1,2,1x7x7x32,lp,3.908369806,0.011346426,1568,1491,77,846,645,0
1,3,100,lp,0.345473403,0.152027092,100,99,1,91,8,0
2,1,1x14x14x16,interval_arithmetic,0.016980757,0.000414864,3136,3097,39,2213,884,0
2,2,1x7x7x32,lp,0.265482459,0.012056257,1568,1493,75,804,689,0
2,3,100,lp,0.030196359,1.8084e-5,100,100,0,91,9,0
3,1,1x14x14x16,interval_arithmetic,0.016610296,0.000334164,3136,3118,18,2298,820,0
3,2,1x7x7x32,lp,0.223633481,0.007962829,1568,1508,60,882,626,0
3,3,100,lp,0.048946208,0.000479495,100,99,1,91,8,0
4,1,1x14x14x16,interval_arithmetic,0.016939941,0.000443608,3136,3090,46,2183,907,0
4,2,1x7x7x32,lp,0.263626663,0.008973425,1568,1501,67,817,684,0
4,3,100,lp,0.038097354,1.1211e-5,100,100,0,91,9,0
5,1,1x14x14x16,interval_arithmetic,0.016623842,0.000390439,3136,3101,35,2239,862,0
5,2,1x7x7x32,lp,0.370096935,0.013419382,1568,1475,93,809,666,0
5,3,100,lp,0.026180215,1.4617e-5,100,100,0,91,9,0
6,1,1x14x14x16,interval_arithmetic,0.016609034,0.000330657,3136,3113,23,2279,834,0
6,2,1x7x7x32,lp,0.19973278,0.007295935,1568,1512,56,877,635,0
6,3,100,lp,0.047785432,0.000467171,100,99,1,91,8,0
7,1,1x14x14x16,interval_arithmetic,0.016953487,0.000424722,3136,3097,39,2231,866,0
7,2,1x7x7x32,lp,0.361260025,0.015950135,1568,1467,101,821,646,0
7,3,100,lp,0.064789964,0.000647699,100,99,1,91,8,0
8,1,1x14x14x16,interval_arithmetic,0.016625746,0.000413281,3136,3098,38,2243,855,0
8,2,1x7x7x32,lp,0.272921587,0.011197816,1568,1490,78,846,644,0
8,3,100,lp,0.026094705,2.7592e-5,100,100,0,91,9,0
9,1,1x14x14x16,interval_arithmetic,0.016815439,0.000467993,3136,3088,48,2200,888,0
9,2,1x7x7x32,lp,0.321461798,0.013684606,1568,1478,90,801,677,0
9,3,100,lp,0.026779633,1.4958e-5,100,100,0,91,9,0
10,1,1x14x14x16,interval_arithmetic,0.016917928,0.000469286,3136,3085,51,2196,889,0
10,2,1x7x7x32,lp,0.391749141,0.016455584,1568,1469,99,812,657,0
10,3,100,lp,0.027026321,1.3205e-5,100,100,0,91,9,0
11,1,1x14x14x16,interval_arithmetic,0.017173485,0.000441724,3136,3096,40,2204,892,0
11,2,1x7x7x32,lp,0.320216672,0.356278402,1568,1486,82,804,682,0
11,3,100,lp,0.049499481,1.3415e-5,100,100,0,91,9,0
12,1,1x14x14x16,interval_arithmetic,0.017002255,0.000493621,3136,3083,53,2194,889,0
12,2,1x7x7x32,lp,0.483140439,0.025321929,1568,1428,140,766,662,0
12,3,100,lp,0.070281934,0.000598838,100,99,1,91,8,0
13,1,1x14x14x16,interval_arithmetic,0.019223191,0.000405246,3136,3103,33,2236,867,0
13,2,1x7x7x32,lp,0.354596476,0.013361283,1568,1478,90,824,654,0
13,3,100,lp,0.054310166,1.3054e-5,100,100,0,91,9,0
14,1,1x14x14x16,interval_arithmetic,0.016867957,0.000476339,3136,3088,48,2196,892,0
14,2,1x7x7x32,lp,0.341708046,0.015959782,1568,1471,97,791,680,0
14,3,100,lp,0.04750113,1.2754e-5,100,100,0,92,8,0
15,1,1x14x14x16,interval_arithmetic,0.016502014,0.000227875,3136,3127,9,2286,841,0
15,2,1x7x7x32,lp,0.134465289,0.004756626,1568,1530,38,877,653,0
15,3,100,lp,0.023582226,1.4427e-5,100,100,0,92,8,0
16,1,1x14x14x16,interval_arithmetic,0.016945361,0.000486548,3136,3085,51,2222,863,0
16,2,1x7x7x32,lp,0.4242467,0.016227194,1568,1463,105,757,706,0
16,3,100,lp,0.060200789,1.3224e-5,100,100,0,91,9,0
17,1,1x14x14x16,interval_arithmetic,0.016646789,0.000469018,3136,3087,49,2220,867,0
17,2,1x7x7x32,lp,0.3498111,0.011296893,1568,1489,79,825,664,0
17,3,100,lp,0.051366458,1.2974e-5,100,100,0,91,9,0
18,1,1x14x14x16,interval_arithmetic,0.017455212,0.000403435,3136,3095,41,2234,861,0
18,2,1x7x7x32,lp,0.233914752,0.008858403,1568,1503,65,838,665,0
18,3,100,lp,0.025213125,1.3155e-5,100,100,0,92,8,0
19,1,1x14x14x16,interval_arithmetic,0.017198728,0.000505704,3136,3083,53,2170,913,0
19,2,1x7x7x32,lp,0.409995474,0.018456254,1568,1450,118,765,685,0
19,3,100,lp,0.027512717,1.3525e-5,100,100,0,91,9,0
20,1,1x14x14x16,interval_arithmetic,0.016863874,0.000392212,3136,3100,36,2251,849,0
20,2,1x7x7x32,lp,0.399175451,0.021749285,1568,1439,129,802,637,0
20,3,100,lp,0.066995327,1.8685e-5,100,100,0,91,9,0
21,1,1x14x14x16,interval_arithmetic,0.016887578,0.000419033,3136,3096,40,2220,876,0
21,2,1x7x7x32,lp,0.591656433,0.009599852,1568,1500,68,842,658,0
21,3,100,lp,0.047530487,0.000511966,100,99,1,91,8,0
22,1,1x14x14x16,interval_arithmetic,0.016847743,0.000438168,3136,3094,42,2231,863,0
22,2,1x7x7x32,lp,0.304631522,0.010581375,1568,1494,74,824,670,0
22,3,100,lp,0.059664932,0.000480777,100,99,1,91,8,0
23,1,1x14x14x16,interval_arithmetic,0.016921902,0.000380951,3136,3104,32,2225,879,0
23,2,1x7x7x32,lp,0.35133224,0.016565306,1568,1459,109,792,667,0
23,3,100,lp,0.070629622,0.000591475,100,99,1,91,8,0
24,1,1x14x14x16,interval_arithmetic,0.016909409,0.000502418,3136,3089,47,2227,862,0
24,2,1x7x7x32,lp,0.314667404,0.013073984,1568,1479,89,806,673,0
24,3,100,lp,0.056149045,1.3295e-5,100,100,0,91,9,0
25,1,1x14x14x16,interval_arithmetic,0.016681116,0.000432637,3136,3093,43,2261,832,0
25,2,1x7x7x32,lp,0.3345909,0.013947128,1568,1477,91,812,665,0
25,3,100,lp,0.035528989,1.2623e-5,100,100,0,91,9,0
26,1,1x14x14x16,interval_arithmetic,0.017254071,0.00044442,3136,3089,47,2127,962,0
26,2,1x7x7x32,lp,0.33877189,0.013248954,1568,1478,90,766,712,0
26,3,100,lp,0.026510562,1.4787e-5,100,100,0,92,8,0
27,1,1x14x14x16,interval_arithmetic,0.016499332,0.000372827,3136,3105,31,2266,839,0
27,2,1x7x7x32,lp,0.303696377,0.011968704,1568,1486,82,823,663,0
27,3,100,lp,0.02557712,1.3175e-5,100,100,0,92,8,0
28,1,1x14x14x16,interval_arithmetic,0.016849687,0.000376813,3136,3111,25,2249,862,0
28,2,1x7x7x32,lp,0.228956526,0.010153525,1568,1499,69,830,669,0
28,3,100,lp,0.04472147,0.000498411,100,99,1,91,8,0
29,1,1x14x14x16,interval_arithmetic,0.017030594,0.000474325,3136,3088,48,2184,904,0
29,2,1x7x7x32,lp,0.324075904,0.014653857,1568,1473,95,788,685,0
29,3,100,lp,0.026829497,1.2975e-5,100,100,0,91,9,0
30,1,1x14x14x16,interval_arithmetic,0.016678948,0.000295742,3136,3117,19,2287,830,0
30,2,1x7x7x32,lp,0.21563147,0.007508869,1568,1511,57,872,639,0
30,3,100,lp,0.024967311,1.3095e-5,100,100,0,91,9,0
31,1,1x14x14x16,interval_arithmetic,0.016743649,0.000402281,3136,3100,36,2232,868,0
31,2,1x7x7x32,lp,0.255570051,0.010538344,1568,1496,72,834,662,0
31,3,100,lp,0.025840682,1.6391e-5,100,100,0,92,8,0
32,1,1x14x14x16,interval_arithmetic,0.018945309,0.000284451,3136,3122,14,2301,821,0
32,2,1x7x7x32,lp,0.164031939,0.005809355,1568,1524,44,886,638,0
32,3,100,lp,0.024156878,1.3395e-5,100,100,0,91,9,0
33,1,1x14x14x16,interval_arithmetic,0.016834879,0.000434972,3136,3092,44,2218,874,0
33,2,1x7x7x32,lp,0.278524234,0.008855221,1568,1504,64,813,691,0
33,3,100,lp,0.039474475,1.2493e-5,100,100,0,92,8,0
34,1,1x14x14x16,interval_arithmetic,0.016793632,0.000477261,3136,3084,52,2219,865,0
34,2,1x7x7x32,lp,0.402844856,0.016561548,1568,1458,110,780,678,0
34,3,100,lp,0.027080937,1.3625e-5,100,100,0,91,9,0
35,1,1x14x14x16,interval_arithmetic,0.026905389,0.000417048,3136,3097,39,2225,872,0
35,2,1x7x7x32,lp,0.250900406,0.009561919,1568,1499,69,826,673,0
35,3,100,lp,0.054597207,0.000511174,100,99,1,91,8,0
36,1,1x14x14x16,interval_arithmetic,0.017124667,0.000477061,3136,3085,51,2194,891,0
36,2,1x7x7x32,lp,0.345690843,0.013858951,1568,1474,94,786,688,0
36,3,100,lp,0.052857269,0.000529227,100,99,1,91,8,0
37,1,1x14x14x16,interval_arithmetic,0.016843222,0.000413432,3136,3095,41,2233,862,0
37,2,1x7x7x32,lp,0.277845685,0.01202682,1568,1488,80,807,681,0
37,3,100,lp,0.060645938,0.000582217,100,99,1,91,8,0
38,1,1x14x14x16,interval_arithmetic,0.016701567,0.000360884,3136,3106,30,2276,830,0
38,2,1x7x7x32,lp,0.232342394,0.007409221,1568,1512,56,864,648,0
38,3,100,lp,0.05232803,0.000898387,100,98,2,91,7,0
39,1,1x14x14x16,interval_arithmetic,0.016800662,0.000472061,3136,3087,49,2235,852,0
39,2,1x7x7x32,lp,0.334834156,0.014640179,1568,1477,91,810,667,0
39,3,100,lp,0.026682067,1.2733e-5,100,100,0,91,9,0
40,1,1x14x14x16,interval_arithmetic,0.016490623,0.00038069,3136,3103,33,2260,843,0
40,2,1x7x7x32,lp,0.241509025,0.009626159,1568,1500,68,862,638,0
40,3,100,lp,0.045299151,0.000495265,100,99,1,91,8,0
41,1,1x14x14x16,interval_arithmetic,0.024210333,0.000242803,3136,3123,13,2308,815,0
41,2,1x7x7x32,lp,0.239249878,0.012997593,1568,1482,86,867,615,0
41,3,100,lp,0.046781347,0.000566207,100,99,1,91,8,0
42,1,1x14x14x16,interval_arithmetic,0.016968204,0.000459838,3136,3094,42,2255,839,0
42,2,1x7x7x32,lp,0.689747703,0.013597732,1568,1478,90,824,654,0
42,3,100,lp,0.057070905,0.000533606,100,99,1,91,8,0
43,1,1x14x14x16,interval_arithmetic,0.016705594,0.000310751,3136,3112,24,2245,867,0
43,2,1x7x7x32,lp,0.197159377,0.007072673,1568,1519,49,845,674,0
43,3,100,lp,0.043068365,0.000478563,100,99,1,92,7,0
44,1,1x14x14x16,interval_arithmetic,0.017600906,0.000389858,3136,3100,36,2266,834,0
44,2,1x7x7x32,lp,0.297948932,0.011359816,1568,1489,79,838,651,0
44,3,100,lp,0.02587988,1.4627e-5,100,100,0,91,9,0
45,1,1x14x14x16,interval_arithmetic,0.031567676,0.000378709,3136,3101,35,2252,849,0
45,2,1x7x7x32,lp,0.266673336,0.01128575,1568,1489,79,846,643,0
45,3,100,lp,0.026009585,1.3094e-5,100,100,0,91,9,0
46,1,1x14x14x16,interval_arithmetic,0.016925776,0.000527527,3136,3085,51,2227,858,0
46,2,1x7x7x32,lp,0.467512969,0.022025739,1568,1438,130,782,656,0
46,3,100,lp,0.067862679,0.000644436,100,99,1,91,8,0
47,1,1x14x14x16,interval_arithmetic,0.02763088,0.000375581,3136,3111,25,2263,848,0
47,2,1x7x7x32,lp,0.242995472,0.009317571,1568,1498,70,861,637,0
47,3,100,lp,0.02518631,1.4116e-5,100,100,0,91,9,0
48,1,1x14x14x16,interval_arithmetic,0.016867643,0.00043425,3136,3091,45,2240,851,0
48,2,1x7x7x32,lp,0.384344382,0.016016185,1568,1461,107,804,657,0
48,3,100,lp,0.060469505,1.3456e-5,100,100,0,91,9,0
49,1,1x14x14x16,interval_arithmetic,0.017087343,0.000431337,3136,3099,37,2185,914,0
49,2,1x7x7x32,lp,0.27140539,0.01157832,1568,1486,82,822,664,0
49,3,100,lp,0.058723549,0.000520041,100,99,1,91,8,0
50,1,1x14x14x16,interval_arithmetic,0.016807075,0.000446164,3136,3088,48,2224,864,0
50,2,1x7x7x32,lp,0.380745422,0.018137874,1568,1454,114,800,654,0
50,3,100,lp,0.069365198,0.000545709,100,99,1,91,8,0
51,1,1x14x14x16,interval_arithmetic,0.016872705,0.000444181,3136,3093,43,2233,860,0
51,2,1x7x7x32,lp,0.324864859,0.011457677,1568,1490,78,837,653,0
51,3,100,lp,0.06217178,0.000495695,100,99,1,91,8,0
52,1,1x14x14x16,interval_arithmetic,0.017138896,0.00046087,3136,3093,43,2175,918,0
52,2,1x7x7x32,lp,0.349230364,0.014041877,1568,1472,96,782,690,0
52,3,100,lp,0.058383915,1.3906e-5,100,100,0,91,9,0
53,1,1x14x14x16,interval_arithmetic,0.01714651,0.000530008,3136,3082,54,2209,873,0
53,2,1x7x7x32,lp,0.365229554,0.016671744,1568,1465,103,786,679,0
53,3,100,lp,0.059862694,0.000532514,100,99,1,91,8,0
54,1,1x14x14x16,interval_arithmetic,0.016796687,0.000470077,3136,3086,50,2231,855,0
54,2,1x7x7x32,lp,0.414762806,0.020607276,1568,1446,122,786,660,0
54,3,100,lp,0.049961912,1.2152e-5,100,100,0,91,9,0
55,1,1x14x14x16,interval_arithmetic,0.017015485,0.00052562,3136,3079,57,2174,905,0
55,2,1x7x7x32,lp,0.386967168,0.015784378,1568,1465,103,787,678,0
55,3,100,lp,0.061252466,0.00055223,100,99,1,91,8,0
56,1,1x14x14x16,interval_arithmetic,0.016770758,0.000395638,3136,3102,34,2221,881,0
56,2,1x7x7x32,lp,0.269026733,0.00977154,1568,1496,72,811,685,0
56,3,100,lp,0.025700819,1.3154e-5,100,100,0,91,9,0
57,1,1x14x14x16,interval_arithmetic,0.01669229,0.00038264,3136,3101,35,2213,888,0
57,2,1x7x7x32,lp,0.290511626,0.010822933,1568,1491,77,819,672,0
57,3,100,lp,0.046940116,0.000488988,100,99,1,91,8,0
58,1,1x14x14x16,interval_arithmetic,0.024833504,0.000252879,3136,3121,15,2298,823,0
58,2,1x7x7x32,lp,0.194398377,0.00758977,1568,1507,61,875,632,0
58,3,100,lp,0.024398006,1.2854e-5,100,100,0,91,9,0
59,1,1x14x14x16,interval_arithmetic,0.017032161,0.000486173,3136,3091,45,2214,877,0
59,2,1x7x7x32,lp,0.301128525,0.011776113,1568,1486,82,822,664,0
59,3,100,lp,0.060005702,0.000514546,100,99,1,91,8,0
60,1,1x14x14x16,interval_arithmetic,0.01666007,0.000445547,3136,3096,40,2266,830,0
60,2,1x7x7x32,lp,0.321056361,0.01231268,1568,1482,86,842,640,0
60,3,100,lp,0.062799036,1.4056e-5,100,100,0,91,9,0
61,1,1x14x14x16,interval_arithmetic,0.016525396,0.000263631,3136,3122,14,2244,878,0
61,2,1x7x7x32,lp,0.214558329,0.009223019,1568,1502,66,835,667,0
61,3,100,lp,0.040622151,1.7853e-5,100,100,0,92,8,0
62,1,1x14x14x16,interval_arithmetic,0.017032221,0.000537943,3136,3084,52,2191,893,0
62,2,1x7x7x32,lp,0.352471323,0.014490401,1568,1473,95,802,671,0
62,3,100,lp,0.026815464,1.3145e-5,100,100,0,91,9,0
63,1,1x14x14x16,interval_arithmetic,0.016621986,0.000329966,3136,3108,28,2260,848,0
63,2,1x7x7x32,lp,0.352262505,0.01941219,1568,1449,119,825,624,0
63,3,100,lp,0.031180243,1.4637e-5,100,100,0,91,9,0
64,1,1x14x14x16,interval_arithmetic,0.019536284,0.000547572,3136,3088,48,2228,860,0
64,2,1x7x7x32,lp,0.363665829,0.012606033,1568,1478,90,818,660,0
64,3,100,lp,0.02661938,1.2874e-5,100,100,0,91,9,0
65,1,1x14x14x16,interval_arithmetic,0.016876104,0.000455749,3136,3089,47,2194,895,0
65,2,1x7x7x32,lp,0.363819967,0.015665417,1568,1460,108,788,672,0
65,3,100,lp,0.081861294,0.000555074,100,99,1,91,8,0
66,1,1x14x14x16,interval_arithmetic,0.016703523,0.000319195,3136,3113,23,2271,842,0
66,2,1x7x7x32,lp,0.344655406,0.018612451,1568,1447,121,842,605,0
66,3,100,lp,0.026722332,1.3866e-5,100,100,0,91,9,0
67,1,1x14x14x16,interval_arithmetic,0.016773974,0.000501324,3136,3083,53,2210,873,0
67,2,1x7x7x32,lp,0.389966866,0.015277924,1568,1466,102,809,657,0
67,3,100,lp,0.075129264,0.000950452,100,98,2,91,7,0
68,1,1x14x14x16,interval_arithmetic,0.01674459,0.000462943,3136,3094,42,2223,871,0
68,2,1x7x7x32,lp,0.356996244,0.015015024,1568,1464,104,803,661,0
68,3,100,lp,0.054098533,1.4938e-5,100,100,0,91,9,0
69,1,1x14x14x16,interval_arithmetic,0.016740561,0.000264363,3136,3120,16,2205,915,0
69,2,1x7x7x32,lp,0.257293125,0.01163899,1568,1483,85,796,687,0
69,3,100,lp,0.043614727,1.2964e-5,100,100,0,91,9,0
70,1,1x14x14x16,interval_arithmetic,0.016997402,0.000537242,3136,3083,53,2199,884,0
70,2,1x7x7x32,lp,0.343748003,0.013074066,1568,1480,88,789,691,0
70,3,100,lp,0.051946724,0.000506564,100,99,1,91,8,0
71,1,1x14x14x16,interval_arithmetic,0.017126112,0.000440381,3136,3092,44,2230,862,0
71,2,1x7x7x32,lp,0.245223876,0.009242202,1568,1504,64,838,666,0
71,3,100,lp,0.025361856,1.2734e-5,100,100,0,92,8,0
72,1,1x14x14x16,interval_arithmetic,0.017049448,0.000420234,3136,3095,41,2168,927,0
72,2,1x7x7x32,lp,0.309803525,0.012160754,1568,1482,86,786,696,0
72,3,100,lp,0.042247169,1.3696e-5,100,100,0,92,8,0
73,1,1x14x14x16,interval_arithmetic,0.017011859,0.000574892,3136,3083,53,2205,878,0
73,2,1x7x7x32,lp,0.712723023,0.015011849,1568,1464,104,781,683,0
73,3,100,lp,0.055610776,0.000516012,100,99,1,91,8,0
74,1,1x14x14x16,interval_arithmetic,0.016815653,0.000367074,3136,3105,31,2226,879,0
74,2,1x7x7x32,lp,0.215640089,0.007654902,1568,1514,54,855,659,0
74,3,100,lp,0.046282954,1.4677e-5,100,100,0,91,9,0
75,1,1x14x14x16,interval_arithmetic,0.019218222,0.000393233,3136,3113,23,2277,836,0
75,2,1x7x7x32,lp,0.190479887,0.00672047,1568,1514,54,859,655,0
75,3,100,lp,0.05124716,0.000897143,100,98,2,91,7,0
76,1,1x14x14x16,interval_arithmetic,0.016890311,0.000495253,3136,3085,51,2224,861,0
76,2,1x7x7x32,lp,0.3699141,0.016059793,1568,1464,104,808,656,0
76,3,100,lp,0.076327381,0.001084232,100,98,2,91,7,0
77,1,1x14x14x16,interval_arithmetic,0.027677435,0.000460709,3136,3089,47,2237,852,0
77,2,1x7x7x32,lp,0.35555124,0.015060089,1568,1467,101,809,658,0
77,3,100,lp,0.087548894,0.000543143,100,99,1,91,8,0
78,1,1x14x14x16,interval_arithmetic,0.016903196,0.000521453,3136,3091,45,2244,847,0
78,2,1x7x7x32,lp,0.397447575,0.017845232,1568,1451,117,796,655,0
78,3,100,lp,0.027265015,1.3355e-5,100,100,0,91,9,0
79,1,1x14x14x16,interval_arithmetic,0.016728159,0.000408421,3136,3097,39,2241,856,0
79,2,1x7x7x32,lp,0.270370915,0.009662178,1568,1495,73,855,640,0
79,3,100,lp,0.046695267,1.3385e-5,100,100,0,91,9,0
80,1,1x14x14x16,interval_arithmetic,0.017040677,0.000442265,3136,3095,41,2178,917,0
80,2,1x7x7x32,lp,0.260190431,0.009000795,1568,1499,69,820,679,0
80,3,100,lp,0.025779403,1.2864e-5,100,100,0,91,9,0
81,1,1x14x14x16,interval_arithmetic,0.01751403,0.000338031,3136,3112,24,2263,849,0
81,2,1x7x7x32,lp,0.195606925,0.007192122,1568,1512,56,844,668,0
81,3,100,lp,0.040261699,0.000456281,100,99,1,91,8,0
82,1,1x14x14x16,interval_arithmetic,0.017039214,0.000430263,3136,3099,37,2225,874,0
82,2,1x7x7x32,lp,0.246478962,0.009955625,1568,1496,72,822,674,0
82,3,100,lp,0.054999212,0.000478683,100,99,1,91,8,0
83,1,1x14x14x16,interval_arithmetic,0.016920233,0.00047733,3136,3088,48,2194,894,0
83,2,1x7x7x32,lp,0.334400397,0.013140815,1568,1477,91,785,692,0
83,3,100,lp,0.043303552,1.4797e-5,100,100,0,92,8,0
84,1,1x14x14x16,interval_arithmetic,0.017187851,0.000439319,3136,3102,34,2254,848,0
84,2,1x7x7x32,lp,0.585019789,0.009458688,1568,1498,70,843,655,0
84,3,100,lp,0.047720569,0.000527584,100,99,1,91,8,0
85,1,1x14x14x16,interval_arithmetic,0.017222406,0.000618223,3136,3068,68,2184,884,0
85,2,1x7x7x32,lp,0.401821223,0.015854506,1568,1474,94,798,676,0
85,3,100,lp,0.066088441,2.0458e-5,100,100,0,91,9,0
86,1,1x14x14x16,interval_arithmetic,0.019641497,0.000491045,3136,3094,42,2189,905,0
86,2,1x7x7x32,lp,0.303212588,0.014573457,1568,1482,86,810,672,0
86,3,100,lp,0.06279031,0.000567979,100,99,1,91,8,0
87,1,1x14x14x16,interval_arithmetic,0.016777867,0.000401248,3136,3100,36,2228,872,0
87,2,1x7x7x32,lp,0.250943367,0.010431863,1568,1496,72,841,655,0
87,3,100,lp,0.059307004,0.00088975,100,98,2,91,7,0
88,1,1x14x14x16,interval_arithmetic,0.016795491,0.000488721,3136,3085,51,2204,881,0
88,2,1x7x7x32,lp,0.310122964,0.012444486,1568,1478,90,807,671,0
88,3,100,lp,0.070501226,0.000509782,100,99,1,92,7,0
89,1,1x14x14x16,interval_arithmetic,0.016821464,0.000452235,3136,3089,47,2204,885,0
89,2,1x7x7x32,lp,0.375649397,0.017273287,1568,1454,114,792,662,0
89,3,100,lp,0.072440137,0.000972204,100,98,2,91,7,0
90,1,1x14x14x16,interval_arithmetic,0.016564705,0.000283289,3136,3120,16,2278,842,0
90,2,1x7x7x32,lp,0.179264105,0.005563253,1568,1521,47,879,642,0
90,3,100,lp,0.024728812,1.4026e-5,100,100,0,92,8,0
91,1,1x14x14x16,interval_arithmetic,0.016752065,0.000389616,3136,3098,38,2216,882,0
91,2,1x7x7x32,lp,0.278633092,0.011504641,1568,1485,83,810,675,0
91,3,100,lp,0.049323274,0.000515431,100,99,1,91,8,0
92,1,1x14x14x16,interval_arithmetic,0.016712902,0.000443998,3136,3094,42,2228,866,0
92,2,1x7x7x32,lp,0.35691333,0.013358201,1568,1476,92,816,660,0
92,3,100,lp,0.070050788,0.000930687,100,98,2,91,7,0
93,1,1x14x14x16,interval_arithmetic,0.016606694,0.000484675,3136,3086,50,2246,840,0
93,2,1x7x7x32,lp,0.403499053,0.014698678,1568,1470,98,838,632,0
93,3,100,lp,0.057127561,1.3445e-5,100,100,0,91,9,0
94,1,1x14x14x16,interval_arithmetic,0.016728733,0.000340846,3136,3109,27,2207,902,0
94,2,1x7x7x32,lp,0.252031255,0.00961592,1568,1497,71,829,668,0
94,3,100,lp,0.046533107,1.607e-5,100,100,0,91,9,0
95,1,1x14x14x16,interval_arithmetic,0.068084132,0.00041286,3136,3111,25,2256,855,0
95,2,1x7x7x32,lp,0.17599748,0.005777393,1568,1522,46,868,654,0
95,3,100,lp,0.024387113,1.2423e-5,100,100,0,91,9,0
96,1,1x14x14x16,interval_arithmetic,0.017320386,0.000420003,3136,3095,41,2173,922,0
96,2,1x7x7x32,lp,0.33972745,0.014586523,1568,1472,96,799,673,0
96,3,100,lp,0.031094701,1.3375e-5,100,100,0,91,9,0
97,1,1x14x14x16,interval_arithmetic,0.019329813,0.000443037,3136,3105,31,2281,824,0
97,2,1x7x7x32,lp,0.235374985,0.009476098,1568,1504,64,882,622,0
97,3,100,lp,0.029213923,1.4067e-5,100,100,0,91,9,0
98,1,1x14x14x16,interval_arithmetic,0.019769923,0.000511164,3136,3096,40,2206,890,0
98,2,1x7x7x32,lp,0.343972548,0.07287025,1568,1458,110,798,660,0
98,3,100,lp,0.056168591,0.000581135,100,99,1,91,8,0
99,1,1x14x14x16,interval_arithmetic,0.016804461,0.000465539,3136,3088,48,2225,863,0
99,2,1x7x7x32,lp,0.312742625,0.012139348,1568,1482,86,806,676,0
99,3,100,lp,0.067565713,1.2363e-5,100,100,0,91,9,0
100,1,1x14x14x16,interval_arithmetic,0.016855226,0.00043438,3136,3095,41,2209,886,0
100,2,1x7x7x32,lp,0.265791631,0.00884962,1568,1501,67,828,673,0
100,3,100,lp,0.026061582,1.2183e-5,100,100,0,91,9,0
101,1,1x14x14x16,interval_arithmetic,0.016815041,0.000496617,3136,3082,54,2220,862,0
101,2,1x7x7x32,lp,0.42831421,0.019121063,1568,1445,123,788,657,0
101,3,100,lp,0.087682414,1.574e-5,100,100,0,91,9,0
102,1,1x14x14x16,interval_arithmetic,0.016886364,0.000539998,3136,3077,59,2200,877,0
102,2,1x7x7x32,lp,0.40012396,0.016948175,1568,1454,114,778,676,0
102,3,100,lp,0.059381283,0.000532522,100,99,1,91,8,0
103,1,1x14x14x16,interval_arithmetic,0.016874037,0.000500162,3136,3084,52,2201,883,0
103,2,1x7x7x32,lp,0.416886117,0.015317173,1568,1466,102,784,682,0
103,3,100,lp,0.072697404,0.0005308,100,99,1,91,8,0
104,1,1x14x14x16,interval_arithmetic,0.016909432,0.000448496,3136,3096,40,2224,872,0
104,2,1x7x7x32,lp,0.355917995,0.015095941,1568,1467,101,794,673,0
104,3,100,lp,0.07021231,0.000569582,100,99,1,91,8,0
105,1,1x14x14x16,interval_arithmetic,0.016747074,0.000398312,3136,3103,33,2233,870,0
105,2,1x7x7x32,lp,0.246028642,0.007893151,1568,1508,60,848,660,0
105,3,100,lp,0.025142983,1.3445e-5,100,100,0,91,9,0
106,1,1x14x14x16,interval_arithmetic,0.02451385,0.000420915,3136,3095,41,2242,853,0
106,2,1x7x7x32,lp,0.344579806,0.013106264,1568,1477,91,811,666,0
106,3,100,lp,0.026313236,1.3746e-5,100,100,0,91,9,0
107,1,1x14x14x16,interval_arithmetic,0.017238972,0.000550777,3136,3080,56,2185,895,0
107,2,1x7x7x32,lp,0.449963364,0.020201477,1568,1441,127,769,672,0
107,3,100,lp,0.08307557,0.000559443,100,99,1,91,8,0
108,1,1x14x14x16,interval_arithmetic,0.016514812,0.000270414,3136,3119,17,2282,837,0
108,2,1x7x7x32,lp,0.164266259,0.006716036,1568,1516,52,878,638,0
108,3,100,lp,0.037348518,0.000455169,100,99,1,91,8,0
109,1,1x14x14x16,interval_arithmetic,0.019062032,0.000455018,3136,3101,35,2237,864,0
109,2,1x7x7x32,lp,0.233059573,0.009585067,1568,1503,65,860,643,0
109,3,100,lp,0.029206893,1.3956e-5,100,100,0,91,9,0
110,1,1x14x14x16,interval_arithmetic,0.019177848,0.00039139,3136,3111,25,2254,857,0
110,2,1x7x7x32,lp,0.29048217,0.011494097,1568,1499,69,817,682,0
110,3,100,lp,0.044103567,0.000555326,100,99,1,91,8,0
111,1,1x14x14x16,interval_arithmetic,0.01698086,0.000524117,3136,3078,58,2190,888,0
111,2,1x7x7x32,lp,0.366542719,0.01392439,1568,1475,93,816,659,0
111,3,100,lp,0.062866221,1.3665e-5,100,100,0,91,9,0
112,1,1x14x14x16,interval_arithmetic,0.017638898,0.000333451,3136,3111,25,2263,848,0
112,2,1x7x7x32,lp,0.188577531,0.0071951,1568,1511,57,874,637,0
112,3,100,lp,0.024609138,1.4627e-5,100,100,0,92,8,0
113,1,1x14x14x16,interval_arithmetic,0.018774867,0.00040218,3136,3104,32,2254,850,0
113,2,1x7x7x32,lp,0.224833231,0.00888967,1568,1503,65,848,655,0
113,3,100,lp,0.042394078,0.000469776,100,99,1,91,8,0
114,1,1x14x14x16,interval_arithmetic,0.016647779,0.000423761,3136,3097,39,2231,866,0
114,2,1x7x7x32,lp,0.301116254,0.012845658,1568,1477,91,821,656,0
114,3,100,lp,0.06745056,1.4097e-5,100,100,0,91,9,0
115,1,1x14x14x16,interval_arithmetic,0.016609787,0.000358458,3136,3105,31,2253,852,0
115,2,1x7x7x32,lp,0.23570863,0.008325942,1568,1505,63,853,652,0
115,3,100,lp,0.042874557,0.000502657,100,99,1,91,8,0
116,1,1x14x14x16,interval_arithmetic,0.016676232,0.000341988,3136,3109,27,2258,851,0
116,2,1x7x7x32,lp,0.215166647,0.007289149,1568,1510,58,859,651,0
116,3,100,lp,0.041521814,0.000481248,100,99,1,91,8,0
117,1,1x14x14x16,interval_arithmetic,0.01686842,0.00038557,3136,3111,25,2273,838,0
117,2,1x7x7x32,lp,0.271742866,0.009872718,1568,1493,75,854,639,0
117,3,100,lp,0.044685265,0.00047186,100,99,1,91,8,0
118,1,1x14x14x16,interval_arithmetic,0.016841779,0.000429111,3136,3095,41,2223,872,0
118,2,1x7x7x32,lp,0.3523541,0.014384386,1568,1472,96,803,669,0
118,3,100,lp,0.052428324,0.000590091,100,99,1,91,8,0
119,1,1x14x14x16,interval_arithmetic,0.016561285,0.00040236,3136,3098,38,2250,848,0
119,2,1x7x7x32,lp,0.353791081,0.014148516,1568,1472,96,826,646,0
119,3,100,lp,0.055999284,1.625e-5,100,100,0,91,9,0
120,1,1x14x14x16,interval_arithmetic,0.016855474,0.000462302,3136,3091,45,2207,884,0
120,2,1x7x7x32,lp,0.296344492,0.008806383,1568,1504,64,811,693,0
120,3,100,lp,0.046457212,0.00054689,100,99,1,91,8,0
121,1,1x14x14x16,interval_arithmetic,0.016914803,0.000456311,3136,3090,46,2180,910,0
121,2,1x7x7x32,lp,0.336670131,0.014309812,1568,1470,98,781,689,0
121,3,100,lp,0.053184274,0.000539607,100,99,1,91,8,0
122,1,1x14x14x16,interval_arithmetic,0.017990651,0.000464938,3136,3099,37,2237,862,0
122,2,1x7x7x32,lp,0.363390943,0.0181186,1568,1454,114,810,644,0
122,3,100,lp,0.058549075,1.2423e-5,100,100,0,91,9,0
123,1,1x14x14x16,interval_arithmetic,0.019045359,0.000425143,3136,3105,31,2275,830,0
123,2,1x7x7x32,lp,0.258218296,0.011959567,1568,1496,72,864,632,0
123,3,100,lp,0.048111679,0.000610198,100,99,1,91,8,0
124,1,1x14x14x16,interval_arithmetic,0.017039035,0.000544045,3136,3079,57,2210,869,0
124,2,1x7x7x32,lp,0.326991641,0.012571859,1568,1484,84,817,667,0
124,3,100,lp,0.050312496,1.65e-5,100,100,0,92,8,0
125,1,1x14x14x16,interval_arithmetic,0.04093658,0.000424442,3136,3099,37,2226,873,0
125,2,1x7x7x32,lp,0.258543182,0.009417028,1568,1495,73,826,669,0
125,3,100,lp,0.025929702,1.3035e-5,100,100,0,91,9,0
126,1,1x14x14x16,interval_arithmetic,0.019144176,0.000461931,3136,3098,38,2240,858,0
126,2,1x7x7x32,lp,0.277346847,0.010436295,1568,1492,76,836,656,0
126,3,100,lp,0.025919422,1.3305e-5,100,100,0,91,9,0
127,1,1x14x14x16,interval_arithmetic,0.01751076,0.000410977,3136,3095,41,2194,901,0
127,2,1x7x7x32,lp,0.320560584,0.013714619,1568,1470,98,768,702,0
127,3,100,lp,0.061920697,1.3344e-5,100,100,0,91,9,0
128,1,1x14x14x16,interval_arithmetic,0.016886525,0.000433088,3136,3091,45,2215,876,0
128,2,1x7x7x32,lp,0.290891069,0.009841776,1568,1495,73,807,688,0
128,3,100,lp,0.051115175,0.0005467,100,99,1,91,8,0
129,1,1x14x14x16,interval_arithmetic,0.017194249,0.000441654,3136,3095,41,2179,916,0
129,2,1x7x7x32,lp,0.304192197,0.011615635,1568,1485,83,809,676,0
129,3,100,lp,0.055947049,1.3396e-5,100,100,0,91,9,0
130,1,1x14x14x16,interval_arithmetic,0.017230778,0.000465509,3136,3089,47,2221,868,0
130,2,1x7x7x32,lp,0.282617645,0.02131713,1568,1487,81,818,669,0
130,3,100,lp,0.025950422,1.4398e-5,100,100,0,91,9,0
131,1,1x14x14x16,interval_arithmetic,0.026017567,0.000397702,3136,3100,36,2198,902,0
131,2,1x7x7x32,lp,0.27380114,0.012373458,1568,1480,88,813,667,0
131,3,100,lp,0.05033355,0.00048817,100,99,1,91,8,0
132,1,1x14x14x16,interval_arithmetic,0.017088092,0.000533695,3136,3081,55,2170,911,0
132,2,1x7x7x32,lp,0.324427416,0.0127708,1568,1480,88,802,678,0
132,3,100,lp,0.052028491,0.000510332,100,99,1,91,8,0
133,1,1x14x14x16,interval_arithmetic,0.016719544,0.000290923,3136,3116,20,2202,914,0
133,2,1x7x7x32,lp,0.188923421,0.006788482,1568,1515,53,820,695,0
133,3,100,lp,0.039639894,0.000552119,100,99,1,91,8,0
134,1,1x14x14x16,interval_arithmetic,0.016855398,0.000436514,3136,3103,33,2211,892,0
134,2,1x7x7x32,lp,0.255928776,0.010081313,1568,1491,77,818,673,0
134,3,100,lp,0.062507045,0.000479785,100,99,1,92,7,0
135,1,1x14x14x16,interval_arithmetic,0.019689524,0.000570655,3136,3084,52,2198,886,0
135,2,1x7x7x32,lp,0.340193162,0.015483189,1568,1476,92,810,666,0
135,3,100,lp,0.060589298,1.4327e-5,100,100,0,91,9,0
136,1,1x14x14x16,interval_arithmetic,0.019250155,0.000338742,3136,3115,21,2271,844,0
136,2,1x7x7x32,lp,0.183500146,0.007684022,1568,1515,53,861,654,0
136,3,100,lp,0.038086928,0.000467291,100,99,1,92,7,0
137,1,1x14x14x16,interval_arithmetic,0.016866007,0.000474815,3136,3087,49,2219,868,0
137,2,1x7x7x32,lp,0.302867454,0.010984878,1568,1489,79,799,690,0
137,3,100,lp,0.054008064,1.3516e-5,100,100,0,91,9,0
138,1,1x14x14x16,interval_arithmetic,0.01914607,0.00037018,3136,3113,23,2261,852,0
138,2,1x7x7x32,lp,0.187422781,0.004994185,1568,1526,42,879,647,0
138,3,100,lp,0.036761906,0.000439429,100,99,1,91,8,0
139,1,1x14x14x16,interval_arithmetic,0.016925409,0.000469034,3136,3091,45,2208,883,0
139,2,1x7x7x32,lp,0.370378552,0.014327463,1568,1466,102,800,666,0
139,3,100,lp,0.026573677,1.2654e-5,100,100,0,92,8,0
140,1,1x14x14x16,interval_arithmetic,0.016917414,0.000457194,3136,3090,46,2216,874,0
140,2,1x7x7x32,lp,0.28816532,0.011114985,1568,1487,81,820,667,0
140,3,100,lp,0.064569713,0.000882777,100,98,2,91,7,0
141,1,1x14x14x16,interval_arithmetic,0.016608969,0.000420725,3136,3096,40,2251,845,0
141,2,1x7x7x32,lp,0.360112061,0.015492135,1568,1465,103,831,634,0
141,3,100,lp,0.07910943,0.001025875,100,98,2,91,7,0
142,1,1x14x14x16,interval_arithmetic,0.024436378,0.00032162,3136,3109,27,2247,862,0
142,2,1x7x7x32,lp,0.235081435,0.010204706,1568,1491,77,826,665,0
142,3,100,lp,0.058999657,1.7462e-5,100,100,0,92,8,0
143,1,1x14x14x16,interval_arithmetic,0.016758889,0.000477421,3136,3087,49,2219,868,0
143,2,1x7x7x32,lp,0.363605772,0.016922785,1568,1458,110,778,680,0
143,3,100,lp,0.06742414,0.000582637,100,99,1,91,8,0
144,1,1x14x14x16,interval_arithmetic,0.016618086,0.000266337,3136,3121,15,2295,826,0
144,2,1x7x7x32,lp,0.185912407,0.006601842,1568,1514,54,883,631,0
144,3,100,lp,0.037754545,0.000493591,100,99,1,91,8,0
145,1,1x14x14x16,interval_arithmetic,0.0165879,0.000409695,3136,3095,41,2227,868,0
145,2,1x7x7x32,lp,0.318808663,0.011477081,1568,1485,83,808,677,0
145,3,100,lp,0.061147131,0.000483892,100,99,1,91,8,0
146,1,1x14x14x16,interval_arithmetic,0.016762957,0.000276346,3136,3118,18,2296,822,0
146,2,1x7x7x32,lp,0.187098747,0.007958314,1568,1509,59,869,640,0
146,3,100,lp,0.024604122,1.4226e-5,100,100,0,91,9,0
147,1,1x14x14x16,interval_arithmetic,0.017007803,0.000478784,3136,3086,50,2191,895,0
147,2,1x7x7x32,lp,0.645766234,0.011091608,1568,1488,80,809,679,0
147,3,100,lp,0.026659275,1.2764e-5,100,100,0,91,9,0
148,1,1x14x14x16,interval_arithmetic,0.017126776,0.000483902,3136,3085,51,2161,924,0
148,2,1x7x7x32,lp,0.310716089,0.013619644,1568,1487,81,778,709,0
148,3,100,lp,0.057444125,0.000560676,100,99,1,91,8,0
149,1,1x14x14x16,interval_arithmetic,0.019797026,0.000526221,3136,3091,45,2220,871,0
149,2,1x7x7x32,lp,0.36265238,0.017429787,1568,1464,104,799,665,0
149,3,100,lp,0.067418008,0.000552109,100,99,1,91,8,0
150,1,1x14x14x16,interval_arithmetic,0.019461406,0.000731855,3136,3071,65,2231,840,0
150,2,1x7x7x32,lp,0.460029529,0.014194894,1568,1474,94,825,649,0
150,3,100,lp,0.027465004,1.3314e-5,100,100,0,91,9,0
151,1,1x14x14x16,interval_arithmetic,0.019418366,0.000468975,3136,3097,39,2231,866,0
151,2,1x7x7x32,lp,0.32757265,0.011485521,1568,1485,83,825,660,0
151,3,100,lp,0.026021251,1.3104e-5,100,100,0,91,9,0
152,1,1x14x14x16,interval_arithmetic,0.017195451,0.000513698,3136,3081,55,2188,893,0
152,2,1x7x7x32,lp,0.390670501,0.016751311,1568,1458,110,775,683,0
152,3,100,lp,0.027493006,1.4066e-5,100,100,0,91,9,0
153,1,1x14x14x16,interval_arithmetic,0.016826513,0.000462983,3136,3092,44,2233,859,0
153,2,1x7x7x32,lp,0.311474136,0.012392493,1568,1481,87,791,690,0
153,3,100,lp,0.026077666,1.3866e-5,100,100,0,91,9,0
154,1,1x14x14x16,interval_arithmetic,0.016679789,0.000343661,3136,3107,29,2240,867,0
154,2,1x7x7x32,lp,0.349333435,0.016631338,1568,1454,114,782,672,0
154,3,100,lp,0.066498624,0.000567599,100,99,1,91,8,0
155,1,1x14x14x16,interval_arithmetic,0.016619206,0.000325738,3136,3114,22,2294,820,0
155,2,1x7x7x32,lp,0.245791483,0.00981761,1568,1492,76,875,617,0
155,3,100,lp,0.025343507,1.4808e-5,100,100,0,91,9,0
156,1,1x14x14x16,interval_arithmetic,0.027254962,0.000484594,3136,3088,48,2199,889,0
156,2,1x7x7x32,lp,0.315358269,0.010368147,1568,1492,76,818,674,0
156,3,100,lp,0.026044234,1.3225e-5,100,100,0,91,9,0
157,1,1x14x14x16,interval_arithmetic,0.016863662,0.000498289,3136,3084,52,2229,855,0
157,2,1x7x7x32,lp,0.36973263,0.014837994,1568,1465,103,803,662,0
157,3,100,lp,0.055311285,1.3335e-5,100,100,0,91,9,0
158,1,1x14x14x16,interval_arithmetic,0.016668545,0.000397702,3136,3099,37,2235,864,0
158,2,1x7x7x32,lp,0.30231599,0.012958003,1568,1477,91,810,667,0
158,3,100,lp,0.049372005,0.000497058,100,99,1,91,8,0
159,1,1x14x14x16,interval_arithmetic,0.016698422,0.000395969,3136,3098,38,2235,863,0
159,2,1x7x7x32,lp,0.630363311,0.011818318,1568,1486,82,808,678,0
159,3,100,lp,0.06098018,1.3175e-5,100,100,0,91,9,0
160,1,1x14x14x16,interval_arithmetic,0.016541789,0.000378126,3136,3100,36,2268,832,0
160,2,1x7x7x32,lp,0.228376102,0.007760046,1568,1511,57,864,647,0
160,3,100,lp,0.064817769,0.000462643,100,99,1,91,8,0
161,1,1x14x14x16,interval_arithmetic,0.019251705,0.000492519,3136,3095,41,2228,867,0
161,2,1x7x7x32,lp,0.280253662,0.011304579,1568,1497,71,821,676,0
161,3,100,lp,0.030005657,3.1138e-5,100,100,0,91,9,0
162,1,1x14x14x16,interval_arithmetic,0.01995664,0.000692342,3136,3085,51,2206,879,0
162,2,1x7x7x32,lp,0.404623768,0.012036454,1568,1483,85,814,669,0
162,3,100,lp,0.053828448,0.000550076,100,99,1,91,8,0
163,1,1x14x14x16,interval_arithmetic,0.016754796,0.000411538,3136,3097,39,2195,902,0
163,2,1x7x7x32,lp,0.264557029,0.011499533,1568,1497,71,791,706,0
163,3,100,lp,0.038989456,1.5689e-5,100,100,0,92,8,0
164,1,1x14x14x16,interval_arithmetic,0.016730882,0.000330176,3136,3110,26,2223,887,0
164,2,1x7x7x32,lp,0.221321011,0.009886885,1568,1498,70,817,681,0
164,3,100,lp,0.047150802,0.000465448,100,99,1,91,8,0
165,1,1x14x14x16,interval_arithmetic,0.016734278,0.000463424,3136,3090,46,2228,862,0
165,2,1x7x7x32,lp,0.378758716,0.014427124,1568,1468,100,807,661,0
165,3,100,lp,0.071455122,0.000545518,100,99,1,91,8,0
166,1,1x14x14x16,interval_arithmetic,0.017972227,0.000435332,3136,3093,43,2197,896,0
166,2,1x7x7x32,lp,0.29825298,0.012480974,1568,1481,87,794,687,0
166,3,100,lp,0.049996751,0.00054709,100,99,1,91,8,0
167,1,1x14x14x16,interval_arithmetic,0.016924182,0.000519068,3136,3084,52,2219,865,0
167,2,1x7x7x32,lp,0.364103429,0.013718866,1568,1475,93,819,656,0
167,3,100,lp,0.026178172,1.2754e-5,100,100,0,91,9,0
168,1,1x14x14x16,interval_arithmetic,0.016972747,0.000431625,3136,3100,36,2242,858,0
168,2,1x7x7x32,lp,0.305950199,0.011699318,1568,1484,84,830,654,0
168,3,100,lp,0.049605963,1.2974e-5,100,100,0,91,9,0
169,1,1x14x14x16,interval_arithmetic,0.016628746,0.000320919,3136,3115,21,2278,837,0
169,2,1x7x7x32,lp,0.230601006,0.008387689,1568,1502,66,860,642,0
169,3,100,lp,0.041429036,0.000496676,100,99,1,91,8,0
170,1,1x14x14x16,interval_arithmetic,0.025950999,0.000393604,3136,3108,28,2247,861,0
170,2,1x7x7x32,lp,0.253125941,0.009069761,1568,1500,68,833,667,0
170,3,100,lp,0.045565965,1.4588e-5,100,100,0,91,9,0
171,1,1x14x14x16,interval_arithmetic,0.016764789,0.000379478,3136,3111,25,2255,856,0
171,2,1x7x7x32,lp,0.214101752,0.008425068,1568,1504,64,845,659,0
171,3,100,lp,0.024827351,1.3906e-5,100,100,0,91,9,0
172,1,1x14x14x16,interval_arithmetic,0.016693806,0.000411177,3136,3097,39,2200,897,0
172,2,1x7x7x32,lp,0.241691087,0.00840385,1568,1505,63,850,655,0
172,3,100,lp,0.043788258,1.2734e-5,100,100,0,91,9,0
173,1,1x14x14x16,interval_arithmetic,0.019713681,0.000652508,3136,3074,62,2182,892,0
173,2,1x7x7x32,lp,0.332286616,0.013133524,1568,1482,86,779,703,0
173,3,100,lp,0.059396159,1.3315e-5,100,100,0,91,9,0
174,1,1x14x14x16,interval_arithmetic,0.019557679,0.000717308,3136,3070,66,2211,859,0
174,2,1x7x7x32,lp,0.474021599,0.025552715,1568,1438,130,770,668,0
174,3,100,lp,0.128744877,0.000617703,100,99,1,91,8,0
175,1,1x14x14x16,interval_arithmetic,0.016848375,0.000411157,3136,3098,38,2228,870,0
175,2,1x7x7x32,lp,0.244184879,0.008279237,1568,1504,64,827,677,0
175,3,100,lp,0.028360383,1.2744e-5,100,100,0,91,9,0
176,1,1x14x14x16,interval_arithmetic,0.01882361,0.000341598,3136,3114,22,2297,817,0
176,2,1x7x7x32,lp,0.265282672,0.011243597,1568,1484,84,863,621,0
176,3,100,lp,0.048054016,2.191e-5,100,100,0,91,9,0
177,1,1x14x14x16,interval_arithmetic,0.016497139,0.000300521,3136,3117,19,2301,816,0
177,2,1x7x7x32,lp,0.309922885,0.013531927,1568,1469,99,855,614,0
177,3,100,lp,0.052920436,1.3185e-5,100,100,0,91,9,0
178,1,1x14x14x16,interval_arithmetic,0.01672807,0.000434921,3136,3091,45,2216,875,0
178,2,1x7x7x32,lp,0.341431041,0.013751075,1568,1471,97,808,663,0
178,3,100,lp,0.026585041,1.4607e-5,100,100,0,91,9,0
179,1,1x14x14x16,interval_arithmetic,0.016906544,0.000350374,3136,3105,31,2280,825,0
179,2,1x7x7x32,lp,0.218850287,0.006979462,1568,1512,56,872,640,0
179,3,100,lp,0.036505269,1.4687e-5,100,100,0,92,8,0
180,1,1x14x14x16,interval_arithmetic,0.016954362,0.000502718,3136,3081,55,2183,898,0
180,2,1x7x7x32,lp,0.307424263,0.010166038,1568,1493,75,801,692,0
180,3,100,lp,0.026269742,1.2453e-5,100,100,0,91,9,0
181,1,1x14x14x16,interval_arithmetic,0.016264425,0.000255707,3136,3121,15,2289,832,0
181,2,1x7x7x32,lp,0.183923473,0.006810115,1568,1513,55,871,642,0
181,3,100,lp,0.037924086,1.4296e-5,100,100,0,91,9,0
182,1,1x14x14x16,interval_arithmetic,0.016924406,0.000472632,3136,3091,45,2202,889,0
182,2,1x7x7x32,lp,0.31509718,0.012112629,1568,1482,86,803,679,0
182,3,100,lp,0.050914012,0.000491227,100,99,1,91,8,0
183,1,1x14x14x16,interval_arithmetic,0.016574233,0.000378827,3136,3101,35,2255,846,0
183,2,1x7x7x32,lp,0.25987627,0.010297453,1568,1495,73,839,656,0
183,3,100,lp,0.025477725,1.3845e-5,100,100,0,91,9,0
184,1,1x14x14x16,interval_arithmetic,0.016919316,0.000325056,3136,3110,26,2188,922,0
184,2,1x7x7x32,lp,0.238167899,0.345633061,1568,1496,72,778,718,0
184,3,100,lp,0.024998701,1.2343e-5,100,100,0,92,8,0
185,1,1x14x14x16,interval_arithmetic,0.016995329,0.000473894,3136,3087,49,2208,879,0
185,2,1x7x7x32,lp,0.369614725,0.015959406,1568,1466,102,786,680,0
185,3,100,lp,0.064611889,0.00055735,100,99,1,91,8,0
186,1,1x14x14x16,interval_arithmetic,0.019267849,0.000545928,3136,3090,46,2226,864,0
186,2,1x7x7x32,lp,0.325196338,0.012273963,1568,1492,76,836,656,0
186,3,100,lp,0.084655382,1.3876e-5,100,100,0,91,9,0
187,1,1x14x14x16,interval_arithmetic,0.019791826,0.000502037,3136,3098,38,2179,919,0
187,2,1x7x7x32,lp,0.273800242,0.012789205,1568,1487,81,795,692,0
187,3,100,lp,0.057478651,0.000894719,100,98,2,91,7,0
188,1,1x14x14x16,interval_arithmetic,0.017131224,0.000559304,3136,3081,55,2203,878,0
188,2,1x7x7x32,lp,0.314597048,0.012353372,1568,1486,82,788,698,0
188,3,100,lp,0.056583241,0.000558902,100,99,1,91,8,0
189,1,1x14x14x16,interval_arithmetic,0.017039663,0.000511153,3136,3085,51,2175,910,0
189,2,1x7x7x32,lp,0.271087672,0.00811699,1568,1506,62,800,706,0
189,3,100,lp,0.046426056,0.000464266,100,99,1,91,8,0
190,1,1x14x14x16,interval_arithmetic,0.016247435,0.00031586,3136,3112,24,2295,817,0
190,2,1x7x7x32,lp,0.223941824,0.009362904,1568,1499,69,871,628,0
190,3,100,lp,0.02505335,1.3866e-5,100,100,0,91,9,0
191,1,1x14x14x16,interval_arithmetic,0.016419076,0.00031033,3136,3112,24,2254,858,0
191,2,1x7x7x32,lp,0.174260106,0.00498085,1568,1526,42,871,655,0
191,3,100,lp,0.055390897,0.0004452,100,99,1,91,8,0
192,1,1x14x14x16,interval_arithmetic,0.016433342,0.00025753,3136,3121,15,2289,832,0
192,2,1x7x7x32,lp,0.208414582,0.007607149,1568,1506,62,881,625,0
192,3,100,lp,0.024539311,1.4117e-5,100,100,0,91,9,0
193,1,1x14x14x16,interval_arithmetic,0.017205142,0.000535218,3136,3080,56,2186,894,0
193,2,1x7x7x32,lp,0.301814535,0.011055481,1568,1486,82,802,684,0
193,3,100,lp,0.026226629,1.1862e-5,100,100,0,91,9,0
194,1,1x14x14x16,interval_arithmetic,0.016902016,0.000442034,3136,3091,45,2229,862,0
194,2,1x7x7x32,lp,0.391863478,0.018134154,1568,1450,118,818,632,0
194,3,100,lp,0.066716732,1.2874e-5,100,100,0,91,9,0
195,1,1x14x14x16,interval_arithmetic,0.0168453,0.000521162,3136,3081,55,2187,894,0
195,2,1x7x7x32,lp,0.397940133,0.016521697,1568,1461,107,795,666,0
195,3,100,lp,0.059257237,0.000517175,100,99,1,91,8,0
196,1,1x14x14x16,interval_arithmetic,0.01670393,0.000453055,3136,3093,43,2271,822,0
196,2,1x7x7x32,lp,0.311091495,0.012319701,1568,1480,88,856,624,0
196,3,100,lp,0.026100998,1.4697e-5,100,100,0,91,9,0
197,1,1x14x14x16,interval_arithmetic,0.016816018,0.000286224,3136,3118,18,2267,851,0
197,2,1x7x7x32,lp,0.195489834,0.007430992,1568,1510,58,865,645,0
197,3,100,lp,0.023923246,1.2554e-5,100,100,0,92,8,0
198,1,1x14x14x16,interval_arithmetic,0.016686167,0.000268751,3136,3119,17,2230,889,0
198,2,1x7x7x32,lp,0.152677823,0.005219687,1568,1525,43,844,681,0
198,3,100,lp,0.023884313,1.3344e-5,100,100,0,92,8,0
199,1,1x14x14x16,interval_arithmetic,0.01665035,0.000412008,3136,3097,39,2246,851,0
199,2,1x7x7x32,lp,0.279684478,0.008563074,1568,1504,64,847,657,0
199,3,100,lp,0.046982059,0.000483181,100,99,1,91,8,0
200,1,1x14x14x16,interval_arithmetic,0.019667788,0.000455359,3136,3099,37,2187,912,0
200,2,1x7x7x32,lp,0.227484767,0.010610894,1568,1501,67,828,673,0
200,3,100,lp,0.057735309,0.000951444,100,98,2,91,7,0
201,1,1x14x14x16,interval_arithmetic,0.019869614,0.000541671,3136,3090,46,2132,958,0
201,2,1x7x7x32,lp,0.271116276,0.011049863,1568,1495,73,784,711,0
201,3,100,lp,0.05242854,1.2984e-5,100,100,0,91,9,0
202,1,1x14x14x16,interval_arithmetic,0.016821949,0.000457574,3136,3089,47,2192,897,0
202,2,1x7x7x32,lp,0.35232417,0.014086376,1568,1468,100,794,674,0
202,3,100,lp,0.054279813,0.000521513,100,99,1,92,7,0
203,1,1x14x14x16,interval_arithmetic,0.019002577,0.000325357,3136,3117,19,2285,832,0
203,2,1x7x7x32,lp,0.215843842,0.007580851,1568,1507,61,878,629,0
203,3,100,lp,0.050432857,0.00051459,100,99,1,91,8,0
204,1,1x14x14x16,interval_arithmetic,0.016439055,0.000282326,3136,3119,17,2298,821,0
204,2,1x7x7x32,lp,0.2517226,0.012851944,1568,1480,88,864,616,0
204,3,100,lp,0.025424887,1.3755e-5,100,100,0,91,9,0
205,1,1x14x14x16,interval_arithmetic,0.016615324,0.000297735,3136,3117,19,2297,820,0
205,2,1x7x7x32,lp,0.234657947,0.007568008,1568,1507,61,878,629,0
205,3,100,lp,0.04042053,0.000446032,100,99,1,91,8,0
206,1,1x14x14x16,interval_arithmetic,0.016752239,0.000468725,3136,3099,37,2257,842,0
206,2,1x7x7x32,lp,0.286180416,0.01051109,1568,1491,77,830,661,0
206,3,100,lp,0.055241863,1.3275e-5,100,100,0,92,8,0
207,1,1x14x14x16,interval_arithmetic,0.016657788,0.000413291,3136,3094,42,2219,875,0
207,2,1x7x7x32,lp,0.270994768,0.009764026,1568,1497,71,827,670,0
207,3,100,lp,0.025673178,1.3335e-5,100,100,0,91,9,0
208,1,1x14x14x16,interval_arithmetic,0.01673912,0.000452665,3136,3091,45,2215,876,0
208,2,1x7x7x32,lp,0.374304401,0.015315654,1568,1462,106,785,677,0
208,3,100,lp,0.067829077,1.2373e-5,100,100,0,91,9,0
209,1,1x14x14x16,interval_arithmetic,0.01707654,0.000458366,3136,3096,40,2228,868,0
209,2,1x7x7x32,lp,0.352006159,0.015664725,1568,1462,106,798,664,0
209,3,100,lp,0.056641725,0.000505734,100,99,1,91,8,0
210,1,1x14x14x16,interval_arithmetic,0.016725304,0.000372635,3136,3104,32,2219,885,0
210,2,1x7x7x32,lp,0.196709706,0.006542877,1568,1517,51,842,675,0
210,3,100,lp,0.035329413,1.3895e-5,100,100,0,92,8,0
211,1,1x14x14x16,interval_arithmetic,0.0168999,0.000412159,3136,3094,42,2242,852,0
211,2,1x7x7x32,lp,0.273656083,0.01028616,1568,1499,69,841,658,0
211,3,100,lp,0.047780322,1.5188e-5,100,100,0,91,9,0
212,1,1x14x14x16,interval_arithmetic,0.01691035,0.000479986,3136,3089,47,2237,852,0
212,2,1x7x7x32,lp,0.342922662,0.016022342,1568,1466,102,819,647,0
212,3,100,lp,0.057356699,0.000538775,100,99,1,91,8,0
213,1,1x14x14x16,interval_arithmetic,0.016746854,0.000366453,3136,3103,33,2215,888,0
213,2,1x7x7x32,lp,0.632340403,0.013452268,1568,1472,96,821,651,0
213,3,100,lp,0.064932602,0.000920528,100,98,2,91,7,0
214,1,1x14x14x16,interval_arithmetic,0.016681472,0.000419332,3136,3097,39,2258,839,0
214,2,1x7x7x32,lp,0.287025152,0.009055384,1568,1500,68,852,648,0
214,3,100,lp,0.057134133,0.000484194,100,99,1,91,8,0
215,1,1x14x14x16,interval_arithmetic,0.016761181,0.000343831,3136,3106,30,2222,884,0
215,2,1x7x7x32,lp,0.233652326,0.008322166,1568,1503,65,835,668,0
215,3,100,lp,0.044970419,1.2293e-5,100,100,0,91,9,0
216,1,1x14x14x16,interval_arithmetic,0.016822575,0.000445922,3136,3089,47,2198,891,0
216,2,1x7x7x32,lp,0.278408616,0.009135684,1568,1501,67,809,692,0
216,3,100,lp,0.047680376,1.7833e-5,100,100,0,91,9,0
217,1,1x14x14x16,interval_arithmetic,0.016777791,0.000435462,3136,3093,43,2221,872,0
217,2,1x7x7x32,lp,0.308996583,0.011796448,1568,1482,86,817,665,0
217,3,100,lp,0.060908665,0.000486338,100,99,1,91,8,0
218,1,1x14x14x16,interval_arithmetic,0.017073313,0.000364079,3136,3108,28,2228,880,0
218,2,1x7x7x32,lp,0.242188241,0.010141119,1568,1493,75,820,673,0
218,3,100,lp,0.044673806,1.6631e-5,100,100,0,91,9,0
219,1,1x14x14x16,interval_arithmetic,0.016710096,0.000447736,3136,3093,43,2241,852,0
219,2,1x7x7x32,lp,0.32293111,0.014266507,1568,1471,97,824,647,0
219,3,100,lp,0.049883435,0.000506335,100,99,1,91,8,0
220,1,1x14x14x16,interval_arithmetic,0.016976692,0.000510072,3136,3086,50,2213,873,0
220,2,1x7x7x32,lp,0.318311431,0.014033552,1568,1472,96,798,674,0
220,3,100,lp,0.051978631,1.3595e-5,100,100,0,91,9,0
221,1,1x14x14x16,interval_arithmetic,0.016857613,0.000396309,3136,3104,32,2230,874,0
221,2,1x7x7x32,lp,0.196383864,0.007455897,1568,1512,56,846,666,0
221,3,100,lp,0.02467837,1.4016e-5,100,100,0,92,8,0
222,1,1x14x14x16,interval_arithmetic,0.016891085,0.000470839,3136,3090,46,2197,893,0
222,2,1x7x7x32,lp,0.685177397,0.012869714,1568,1479,89,798,681,0
222,3,100,lp,0.056982693,1.4487e-5,100,100,0,91,9,0
223,1,1x14x14x16,interval_arithmetic,0.017256106,0.000456281,3136,3092,44,2133,959,0
223,2,1x7x7x32,lp,0.278271309,0.011911417,1568,1486,82,787,699,0
223,3,100,lp,0.029501246,1.2723e-5,100,100,0,91,9,0
224,1,1x14x14x16,interval_arithmetic,0.016649143,0.000392192,3136,3100,36,2232,868,0
224,2,1x7x7x32,lp,0.250687501,0.009815318,1568,1494,74,833,661,0
224,3,100,lp,0.07264653,0.000960943,100,98,2,91,7,0
225,1,1x14x14x16,interval_arithmetic,0.016585325,0.000325437,3136,3113,23,2302,811,0
225,2,1x7x7x32,lp,0.221818935,0.008779195,1568,1499,69,882,617,0
225,3,100,lp,0.042931776,1.5699e-5,100,100,0,91,9,0
226,1,1x14x14x16,interval_arithmetic,0.017000699,0.000474024,3136,3093,43,2203,890,0
226,2,1x7x7x32,lp,0.290642104,0.010499865,1568,1490,78,787,703,0
226,3,100,lp,0.05796167,0.000906841,100,98,2,91,7,0
227,1,1x14x14x16,interval_arithmetic,0.016921001,0.000427798,3136,3096,40,2187,909,0
227,2,1x7x7x32,lp,0.301626762,0.011099142,1568,1486,82,805,681,0
227,3,100,lp,0.059914733,0.000510361,100,99,1,91,8,0
228,1,1x14x14x16,interval_arithmetic,0.016470149,0.000342519,3136,3110,26,2279,831,0
228,2,1x7x7x32,lp,0.310630776,0.013744951,1568,1475,93,840,635,0
228,3,100,lp,0.053081061,1.6721e-5,100,100,0,91,9,0
229,1,1x14x14x16,interval_arithmetic,0.016616471,0.000274723,3136,3119,17,2291,828,0
229,2,1x7x7x32,lp,0.172365196,0.005287835,1568,1525,43,889,636,0
229,3,100,lp,0.03641593,1.5339e-5,100,100,0,91,9,0
230,1,1x14x14x16,interval_arithmetic,0.023950944,0.000337721,3136,3110,26,2284,826,0
230,2,1x7x7x32,lp,0.269771665,0.012525599,1568,1479,89,848,631,0
230,3,100,lp,0.063464859,0.000909277,100,98,2,91,7,0
231,1,1x14x14x16,interval_arithmetic,0.01671376,0.000378637,3136,3101,35,2235,866,0
231,2,1x7x7x32,lp,0.254026276,0.010181865,1568,1495,73,841,654,0
231,3,100,lp,0.046912369,0.000507497,100,99,1,91,8,0
232,1,1x14x14x16,interval_arithmetic,0.016635214,0.000462333,3136,3088,48,2246,842,0
232,2,1x7x7x32,lp,0.690957058,0.013687395,1568,1473,95,837,636,0
232,3,100,lp,0.054180989,1.3665e-5,100,100,0,91,9,0
233,1,1x14x14x16,interval_arithmetic,0.016935805,0.000391982,3136,3099,37,2202,897,0
233,2,1x7x7x32,lp,0.320423025,0.013221877,1568,1479,89,802,677,0
233,3,100,lp,0.056462306,0.000517155,100,99,1,91,8,0
234,1,1x14x14x16,interval_arithmetic,0.043325367,0.000440582,3136,3092,44,2189,903,0
234,2,1x7x7x32,lp,0.306967003,0.012025675,1568,1484,84,817,667,0
234,3,100,lp,0.026046051,1.2874e-5,100,100,0,91,9,0
235,1,1x14x14x16,interval_arithmetic,0.0344556,0.00038068,3136,3105,31,2265,840,0
235,2,1x7x7x32,lp,0.248728693,0.00858165,1568,1502,66,861,641,0
235,3,100,lp,0.037960318,1.1762e-5,100,100,0,92,8,0
236,1,1x14x14x16,interval_arithmetic,0.016613043,0.000414954,3136,3097,39,2243,854,0
236,2,1x7x7x32,lp,0.328861689,0.014312972,1568,1470,98,805,665,0
236,3,100,lp,0.026585137,1.4467e-5,100,100,0,91,9,0
237,1,1x14x14x16,interval_arithmetic,0.016891162,0.000253223,3136,3124,12,2243,881,0
237,2,1x7x7x32,lp,0.181931357,0.007106097,1568,1511,57,834,677,0
237,3,100,lp,0.034261207,1.3185e-5,100,100,0,92,8,0
238,1,1x14x14x16,interval_arithmetic,0.016894598,0.000370922,3136,3102,34,2242,860,0
238,2,1x7x7x32,lp,0.250130228,0.008664654,1568,1503,65,840,663,0
238,3,100,lp,0.025487749,1.4678e-5,100,100,0,91,9,0
239,1,1x14x14x16,interval_arithmetic,0.016697921,0.000425003,3136,3100,36,2223,877,0
239,2,1x7x7x32,lp,0.29436929,0.010955448,1568,1489,79,832,657,0
239,3,100,lp,0.060239914,0.000480557,100,99,1,91,8,0
240,1,1x14x14x16,interval_arithmetic,0.016853382,0.000336568,3136,3110,26,2287,823,0
240,2,1x7x7x32,lp,0.232219297,0.008646291,1568,1502,66,864,638,0
240,3,100,lp,0.052415166,0.000480256,100,99,1,91,8,0
241,1,1x14x14x16,interval_arithmetic,0.016737575,0.000487058,3136,3087,49,2217,870,0
241,2,1x7x7x32,lp,0.335998207,0.013347571,1568,1478,90,801,677,0
241,3,100,lp,0.056873913,0.000565124,100,99,1,91,8,0
242,1,1x14x14x16,interval_arithmetic,0.016934263,0.000498591,3136,3083,53,2188,895,0
242,2,1x7x7x32,lp,0.358818389,0.015396092,1568,1466,102,790,676,0
242,3,100,lp,0.026807422,1.3536e-5,100,100,0,91,9,0
243,1,1x14x14x16,interval_arithmetic,0.016920056,0.000452735,3136,3090,46,2184,906,0
243,2,1x7x7x32,lp,0.289852958,0.010402868,1568,1497,71,814,683,0
243,3,100,lp,0.047358692,1.4837e-5,100,100,0,91,9,0
244,1,1x14x14x16,interval_arithmetic,0.01670246,0.000483161,3136,3090,46,2236,854,0
244,2,1x7x7x32,lp,0.678535216,0.012615045,1568,1477,91,815,662,0
244,3,100,lp,0.05240653,0.000526432,100,99,1,91,8,0
245,1,1x14x14x16,interval_arithmetic,0.01656318,0.000360432,3136,3106,30,2257,849,0
245,2,1x7x7x32,lp,0.222043274,0.008836185,1568,1505,63,854,651,0
245,3,100,lp,0.02943279,1.2955e-5,100,100,0,91,9,0
246,1,1x14x14x16,interval_arithmetic,0.019407306,0.000562029,3136,3087,49,2232,855,0
246,2,1x7x7x32,lp,0.473910638,0.020940266,1568,1436,132,781,655,0
246,3,100,lp,0.069010206,0.00066415,100,99,1,91,8,0
247,1,1x14x14x16,interval_arithmetic,0.016941398,0.000381683,3136,3101,35,2182,919,0
247,2,1x7x7x32,lp,0.36775372,0.014957457,1568,1462,106,762,700,0
247,3,100,lp,0.052715624,0.000544586,100,99,1,91,8,0
249,1,1x14x14x16,interval_arithmetic,0.016765059,0.000410014,3136,3096,40,2202,894,0
249,2,1x7x7x32,lp,0.277260281,0.024972924,1568,1493,75,821,672,0
249,3,100,lp,0.025816227,1.3686e-5,100,100,0,91,9,0
250,1,1x14x14x16,interval_arithmetic,0.016645065,0.000354922,3136,3105,31,2253,852,0
250,2,1x7x7x32,lp,0.284982189,0.009625689,1568,1494,74,842,652,0
250,3,100,lp,0.025516487,1.4297e-5,100,100,0,91,9,0
251,1,1x14x14x16,interval_arithmetic,0.017062715,0.000410296,3136,3103,33,2202,901,0
251,2,1x7x7x32,lp,0.25330494,0.00971225,1568,1494,74,823,671,0
251,3,100,lp,0.054346026,0.000470678,100,99,1,91,8,0
252,1,1x14x14x16,interval_arithmetic,0.016526734,0.000263111,3136,3120,16,2300,820,0
252,2,1x7x7x32,lp,0.212330602,0.008349669,1568,1503,65,870,633,0
252,3,100,lp,0.024688583,1.4077e-5,100,100,0,91,9,0
253,1,1x14x14x16,interval_arithmetic,0.017064598,0.000419493,3136,3099,37,2215,884,0
253,2,1x7x7x32,lp,0.249047306,0.007904679,1568,1508,60,844,664,0
253,3,100,lp,0.025767795,1.3806e-5,100,100,0,91,9,0
254,1,1x14x14x16,interval_arithmetic,0.017313603,0.000436675,3136,3096,40,2241,855,0
254,2,1x7x7x32,lp,0.283018858,0.012597373,1568,1486,82,828,658,0
254,3,100,lp,0.047532223,0.000516944,100,99,1,91,8,0
255,1,1x14x14x16,interval_arithmetic,0.016510755,0.000392823,3136,3099,37,2257,842,0
255,2,1x7x7x32,lp,0.269677347,0.010080377,1568,1496,72,845,651,0
255,3,100,lp,0.046370866,0.000516373,100,99,1,92,7,0
256,1,1x14x14x16,interval_arithmetic,0.016835751,0.000351786,3136,3112,24,2260,852,0
256,2,1x7x7x32,lp,0.53679622,0.008253779,1568,1504,64,866,638,0
256,3,100,lp,0.045619003,0.000474825,100,99,1,92,7,0
257,1,1x14x14x16,interval_arithmetic,0.016736536,0.000474586,3136,3089,47,2218,871,0
257,2,1x7x7x32,lp,0.322797054,0.01215073,1568,1486,82,814,672,0
257,3,100,lp,0.067246915,0.000909457,100,98,2,91,7,0
258,1,1x14x14x16,interval_arithmetic,0.016739231,0.00038567,3136,3106,30,2229,877,0
258,2,1x7x7x32,lp,0.289253882,0.012783812,1568,1474,94,847,627,0
258,3,100,lp,0.078134869,0.000493711,100,99,1,91,8,0
259,1,1x14x14x16,interval_arithmetic,0.01720503,0.000410386,3136,3100,36,2199,901,0
259,2,1x7x7x32,lp,0.255569936,0.009943933,1568,1497,71,808,689,0
259,3,100,lp,0.045698762,0.000486247,100,99,1,91,8,0
261,1,1x14x14x16,interval_arithmetic,0.017142483,0.000505563,3136,3082,54,2197,885,0
261,2,1x7x7x32,lp,0.406404864,0.017615085,1568,1452,116,771,681,0
261,3,100,lp,0.02757051,1.3775e-5,100,100,0,91,9,0
262,1,1x14x14x16,interval_arithmetic,0.016580906,0.000402091,3136,3099,37,2249,850,0
262,2,1x7x7x32,lp,0.33436841,0.01293288,1568,1474,94,816,658,0
262,3,100,lp,0.060846044,0.00050944,100,99,1,91,8,0
263,1,1x14x14x16,interval_arithmetic,0.016630028,0.000342719,3136,3107,29,2238,869,0
263,2,1x7x7x32,lp,0.232981477,0.009118993,1568,1499,69,842,657,0
263,3,100,lp,0.044355356,0.000544986,100,99,1,92,7,0
264,1,1x14x14x16,interval_arithmetic,0.016467584,0.000349962,3136,3106,30,2250,856,0
264,2,1x7x7x32,lp,0.233017944,0.009501037,1568,1498,70,854,644,0
264,3,100,lp,0.043656482,0.000500484,100,99,1,92,7,0
265,1,1x14x14x16,interval_arithmetic,0.026002434,0.000459026,3136,3098,38,2252,846,0
265,2,1x7x7x32,lp,0.231648189,0.007705687,1568,1512,56,851,661,0
265,3,100,lp,0.024986138,1.4297e-5,100,100,0,91,9,0
266,1,1x14x14x16,interval_arithmetic,0.016429112,0.00025762,3136,3121,15,2275,846,0
266,2,1x7x7x32,lp,0.157560199,0.005765937,1568,1521,47,870,651,0
266,3,100,lp,0.036256656,0.000426155,100,99,1,92,7,0
267,1,1x14x14x16,interval_arithmetic,0.017012591,0.000448247,3136,3096,40,2175,921,0
267,2,1x7x7x32,lp,0.669903617,0.013012738,1568,1476,92,799,677,0
267,3,100,lp,0.026471149,1.4547e-5,100,100,0,91,9,0
268,1,1x14x14x16,interval_arithmetic,0.016468567,0.000309087,3136,3114,22,2272,842,0
268,2,1x7x7x32,lp,0.161576943,0.006221828,1568,1520,48,879,641,0
268,3,100,lp,0.042332202,1.3465e-5,100,100,0,92,8,0
269,1,1x14x14x16,interval_arithmetic,0.019781969,0.000721596,3136,3064,72,2179,885,0
269,2,1x7x7x32,lp,0.497166071,0.017409312,1568,1454,114,766,688,0
269,3,100,lp,0.067595677,1.5399e-5,100,100,0,91,9,0
270,1,1x14x14x16,interval_arithmetic,0.016857612,0.000442726,3136,3090,46,2214,876,0
270,2,1x7x7x32,lp,0.387525859,0.015840384,1568,1460,108,776,684,0
270,3,100,lp,0.055786504,0.000538043,100,99,1,91,8,0
271,1,1x14x14x16,interval_arithmetic,0.017045202,0.000414233,3136,3096,40,2210,886,0
271,2,1x7x7x32,lp,0.310405223,0.010923889,1568,1488,80,812,676,0
271,3,100,lp,0.054790858,0.000520456,100,99,1,92,7,0
272,1,1x14x14x16,interval_arithmetic,0.028929008,0.000430717,3136,3097,39,2191,906,0
272,2,1x7x7x32,lp,0.324927486,0.013873076,1568,1469,99,795,674,0
272,3,100,lp,0.053576572,1.5549e-5,100,100,0,91,9,0
273,1,1x14x14x16,interval_arithmetic,0.016483958,0.000313627,3136,3112,24,2285,827,0
273,2,1x7x7x32,lp,0.279545208,0.009870916,1568,1492,76,862,630,0
273,3,100,lp,0.07686929,0.000537778,100,99,1,91,8,0
274,1,1x14x14x16,interval_arithmetic,0.016643597,0.000415599,3136,3098,38,2219,879,0
274,2,1x7x7x32,lp,0.289586929,0.011547955,1568,1487,81,829,658,0
274,3,100,lp,0.025983958,1.5018e-5,100,100,0,91,9,0
275,1,1x14x14x16,interval_arithmetic,0.01700199,0.000432126,3136,3092,44,2192,900,0
275,2,1x7x7x32,lp,0.3241534,0.011075022,1568,1487,81,805,682,0
275,3,100,lp,0.05061983,0.000497348,100,99,1,91,8,0
276,1,1x14x14x16,interval_arithmetic,0.016585954,0.000392773,3136,3102,34,2228,874,0
276,2,1x7x7x32,lp,0.278980521,0.011935067,1568,1485,83,813,672,0
276,3,100,lp,0.049470216,0.000534677,100,99,1,91,8,0
277,1,1x14x14x16,interval_arithmetic,0.017297712,0.000285934,3136,3120,16,2283,837,0
277,2,1x7x7x32,lp,0.180238139,0.00766459,1568,1511,57,872,639,0
277,3,100,lp,0.039171222,0.000506225,100,99,1,91,8,0
278,1,1x14x14x16,interval_arithmetic,0.016802528,0.000405016,3136,3105,31,2195,910,0
278,2,1x7x7x32,lp,0.252342633,0.00880648,1568,1499,69,829,670,0
278,3,100,lp,0.025332512,1.3746e-5,100,100,0,91,9,0
279,1,1x14x14x16,interval_arithmetic,0.016880844,0.000309448,3136,3113,23,2219,894,0
279,2,1x7x7x32,lp,0.247763499,0.010630293,1568,1493,75,801,692,0
279,3,100,lp,0.049555997,0.000474635,100,99,1,91,8,0
280,1,1x14x14x16,interval_arithmetic,0.019110525,0.000327682,3136,3115,21,2300,815,0
280,2,1x7x7x32,lp,0.196658454,0.007449148,1568,1510,58,880,630,0
280,3,100,lp,0.070189141,1.2113e-5,100,100,0,91,9,0
281,1,1x14x14x16,interval_arithmetic,0.016673277,0.000487229,3136,3090,46,2215,875,0
281,2,1x7x7x32,lp,0.253681721,0.008293233,1568,1503,65,816,687,0
281,3,100,lp,0.054435527,1.3225e-5,100,100,0,91,9,0
282,1,1x14x14x16,interval_arithmetic,0.019610484,0.000399346,3136,3106,30,2229,877,0
282,2,1x7x7x32,lp,0.253438207,0.008208342,1568,1506,62,838,668,0
282,3,100,lp,0.050072473,0.000837363,100,98,2,91,7,0
284,1,1x14x14x16,interval_arithmetic,0.030118047,0.0004501,3136,3096,40,2258,838,0
284,2,1x7x7x32,lp,0.309803226,0.012160478,1568,1480,88,831,649,0
284,3,100,lp,0.062812854,0.000491137,100,99,1,91,8,0
285,1,1x14x14x16,interval_arithmetic,0.017155382,0.000480246,3136,3090,46,2222,868,0
285,2,1x7x7x32,lp,0.347664687,0.013643035,1568,1477,91,817,660,0
285,3,100,lp,0.026613506,1.3716e-5,100,100,0,91,9,0
286,1,1x14x14x16,interval_arithmetic,0.016937365,0.000478293,3136,3092,44,2217,875,0
286,2,1x7x7x32,lp,0.340058079,0.01329217,1568,1473,95,808,665,0
286,3,100,lp,0.051145415,0.000571296,100,99,1,91,8,0
287,1,1x14x14x16,interval_arithmetic,0.017043482,0.000461682,3136,3097,39,2230,867,0
287,2,1x7x7x32,lp,0.256312543,0.009582055,1568,1497,71,849,648,0
287,3,100,lp,0.034634017,1.2353e-5,100,100,0,91,9,0
288,1,1x14x14x16,interval_arithmetic,0.016749945,0.000397101,3136,3104,32,2216,888,0
288,2,1x7x7x32,lp,0.295577052,0.013577463,1568,1476,92,805,671,0
288,3,100,lp,0.02630539,1.2824e-5,100,100,0,91,9,0
289,1,1x14x14x16,interval_arithmetic,0.016498566,0.000238765,3136,3125,11,2282,843,0
289,2,1x7x7x32,lp,0.164155827,0.006081271,1568,1519,49,877,642,0
289,3,100,lp,0.024027669,1.3105e-5,100,100,0,91,9,0
290,1,1x14x14x16,interval_arithmetic,0.026247533,0.000448046,3136,3099,37,2247,852,0
290,2,1x7x7x32,lp,0.294296583,0.012271255,1568,1481,87,808,673,0
290,3,100,lp,0.025704318,1.3825e-5,100,100,0,91,9,0
291,1,1x14x14x16,interval_arithmetic,0.016846876,0.0004284,3136,3092,44,2199,893,0
291,2,1x7x7x32,lp,0.281616895,0.009724343,1568,1497,71,802,695,0
291,3,100,lp,0.384067054,1.7152e-5,100,100,0,91,9,0
292,1,1x14x14x16,interval_arithmetic,0.017107226,0.000524538,3136,3087,49,2197,890,0
292,2,1x7x7x32,lp,0.341463549,0.014568347,1568,1469,99,801,668,0
292,3,100,lp,0.03076313,1.2834e-5,100,100,0,91,9,0
293,1,1x14x14x16,interval_arithmetic,0.019789611,0.00039673,3136,3112,24,2230,882,0
293,2,1x7x7x32,lp,0.200829077,0.00831596,1568,1512,56,826,686,0
293,3,100,lp,0.028750955,1.3826e-5,100,100,0,91,9,0
294,1,1x14x14x16,interval_arithmetic,0.019224627,0.000457944,3136,3104,32,2215,889,0
294,2,1x7x7x32,lp,0.242274001,0.010392976,1568,1500,68,827,673,0
294,3,100,lp,0.05364951,0.000513999,100,99,1,91,8,0
295,1,1x14x14x16,interval_arithmetic,0.017375206,0.00046112,3136,3088,48,2205,883,0
295,2,1x7x7x32,lp,0.354899242,0.017247107,1568,1464,104,786,678,0
295,3,100,lp,0.063495235,1.609e-5,100,100,0,91,9,0
296,1,1x14x14x16,interval_arithmetic,0.016647377,0.000349052,3136,3109,27,2236,873,0
296,2,1x7x7x32,lp,0.292124652,0.014590308,1568,1470,98,807,663,0
296,3,100,lp,0.051030784,0.000486488,100,99,1,91,8,0
297,1,1x14x14x16,interval_arithmetic,0.018155171,0.000500484,3136,3089,47,2156,933,0
297,2,1x7x7x32,lp,0.297482511,0.010191089,1568,1490,78,774,716,0
297,3,100,lp,0.047114766,0.000493671,100,99,1,91,8,0
298,1,1x14x14x16,interval_arithmetic,0.016826121,0.000459087,3136,3087,49,2192,895,0
298,2,1x7x7x32,lp,0.402042832,0.018460621,1568,1445,123,760,685,0
298,3,100,lp,0.063614658,0.000550668,100,99,1,91,8,0
299,1,1x14x14x16,interval_arithmetic,0.016990237,0.000561858,3136,3075,61,2186,889,0
299,2,1x7x7x32,lp,0.344725787,0.013652518,1568,1479,89,798,681,0
299,3,100,lp,0.066109132,0.000582296,100,99,1,91,8,0
300,1,1x14x14x16,interval_arithmetic,0.016998413,0.000486458,3136,3089,47,2217,872,0
300,2,1x7x7x32,lp,0.340843892,0.01121499,1568,1490,78,816,674,0
300,3,100,lp,0.053900094,0.000562711,100,99,1,91,8,0
301,1,1x14x14x16,interval_arithmetic,0.016744747,0.000431426,3136,3098,38,2253,845,0
301,2,1x7x7x32,lp,0.276212678,0.011040762,1568,1493,75,840,653,0
301,3,100,lp,0.048725942,1.3525e-5,100,100,0,91,9,0
302,1,1x14x14x16,interval_arithmetic,0.024638902,0.000448518,3136,3089,47,2206,883,0
302,2,1x7x7x32,lp,0.270323328,0.009627893,1568,1497,71,839,658,0
302,3,100,lp,0.048500821,0.000527976,100,99,1,91,8,0
303,1,1x14x14x16,interval_arithmetic,0.016737834,0.000365643,3136,3110,26,2280,830,0
303,2,1x7x7x32,lp,0.212326911,0.007176985,1568,1513,55,863,650,0
303,3,100,lp,0.059051959,0.000446124,100,99,1,91,8,0
304,1,1x14x14x16,interval_arithmetic,0.016801262,0.000562962,3136,3092,44,2245,847,0
304,2,1x7x7x32,lp,0.375218394,0.017066959,1568,1457,111,794,663,0
304,3,100,lp,0.068782033,0.000563362,100,99,1,91,8,0
305,1,1x14x14x16,interval_arithmetic,0.016836839,0.000440824,3136,3098,38,2230,868,0
305,2,1x7x7x32,lp,0.625796061,0.010560906,1568,1490,78,817,673,0
305,3,100,lp,0.056531692,1.3515e-5,100,100,0,91,9,0
306,1,1x14x14x16,interval_arithmetic,0.017113435,0.000520773,3136,3080,56,2181,899,0
306,2,1x7x7x32,lp,0.348283299,0.014540293,1568,1480,88,761,719,0
306,3,100,lp,0.031076903,1.3805e-5,100,100,0,91,9,0
307,1,1x14x14x16,interval_arithmetic,0.019519746,0.000555708,3136,3088,48,2225,863,0
307,2,1x7x7x32,lp,0.312928993,0.015212127,1568,1479,89,828,651,0
307,3,100,lp,0.058839572,1.6671e-5,100,100,0,91,9,0
308,1,1x14x14x16,interval_arithmetic,0.0192646,0.000565896,3136,3090,46,2238,852,0
308,2,1x7x7x32,lp,0.2678125,0.008885531,1568,1504,64,838,666,0
308,3,100,lp,0.068200991,0.000527104,100,99,1,91,8,0
309,1,1x14x14x16,interval_arithmetic,0.016950672,0.000481107,3136,3091,45,2210,881,0
309,2,1x7x7x32,lp,0.315527272,0.010139551,1568,1493,75,824,669,0
309,3,100,lp,0.057873238,0.000897184,100,98,2,91,7,0
310,1,1x14x14x16,interval_arithmetic,0.01659944,0.000372476,3136,3101,35,2248,853,0
310,2,1x7x7x32,lp,0.314725593,0.014815458,1568,1469,99,797,672,0
310,3,100,lp,0.050683003,1.3916e-5,100,100,0,91,9,0
311,1,1x14x14x16,interval_arithmetic,0.016650495,0.000365092,3136,3105,31,2251,854,0
311,2,1x7x7x32,lp,0.342023029,0.013103089,1568,1474,94,813,661,0
311,3,100,lp,0.049421096,1.4136e-5,100,100,0,91,9,0
312,1,1x14x14x16,interval_arithmetic,0.017073225,0.000397312,3136,3097,39,2130,967,0
312,2,1x7x7x32,lp,0.275884291,0.009526307,1568,1498,70,791,707,0
312,3,100,lp,0.047392235,0.000493873,100,99,1,91,8,0
313,1,1x14x14x16,interval_arithmetic,0.017044912,0.000567651,3136,3083,53,2186,897,0
313,2,1x7x7x32,lp,0.346289238,0.013753503,1568,1472,96,799,673,0
313,3,100,lp,0.056534285,0.00051954,100,99,1,91,8,0
314,1,1x14x14x16,interval_arithmetic,0.016835752,0.00049749,3136,3082,54,2209,873,0
314,2,1x7x7x32,lp,0.400945064,0.015082316,1568,1467,101,777,690,0
314,3,100,lp,0.02705713,1.3776e-5,100,100,0,91,9,0
315,1,1x14x14x16,interval_arithmetic,0.016280516,0.000241141,3136,3128,8,2290,838,0
315,2,1x7x7x32,lp,0.169289371,0.006824898,1568,1513,55,867,646,0
315,3,100,lp,0.035972279,0.00042867,100,99,1,92,7,0
316,1,1x14x14x16,interval_arithmetic,0.024489908,0.000453356,3136,3091,45,2199,892,0
316,2,1x7x7x32,lp,0.309399132,0.010709138,1568,1493,75,821,672,0
316,3,100,lp,0.025838445,1.3996e-5,100,100,0,91,9,0
317,1,1x14x14x16,interval_arithmetic,0.016767244,0.000399084,3136,3100,36,2237,863,0
317,2,1x7x7x32,lp,0.293117984,0.012617179,1568,1478,90,840,638,0
317,3,100,lp,0.399903879,1.5549e-5,100,100,0,91,9,0
318,1,1x14x14x16,interval_arithmetic,0.017000099,0.000398103,3136,3102,34,2240,862,0
318,2,1x7x7x32,lp,0.262959858,0.009986759,1568,1497,71,853,644,0
318,3,100,lp,0.029778879,1.2924e-5,100,100,0,91,9,0
319,1,1x14x14x16,interval_arithmetic,0.019592447,0.00069684,3136,3069,67,2178,891,0
319,2,1x7x7x32,lp,0.394404575,0.016215826,1568,1469,99,778,691,0
319,3,100,lp,0.061619998,0.000522835,100,99,1,91,8,0
320,1,1x14x14x16,interval_arithmetic,0.01956034,0.000676491,3136,3074,62,2187,887,0
320,2,1x7x7x32,lp,0.387986097,0.016843205,1568,1467,101,775,692,0
320,3,100,lp,0.064172767,1.3706e-5,100,100,0,91,9,0
321,1,1x14x14x16,interval_arithmetic,0.016513521,0.000350603,3136,3108,28,2264,844,0
321,2,1x7x7x32,lp,0.214180728,0.008127099,1568,1505,63,871,634,0
321,3,100,lp,0.025066373,1.2824e-5,100,100,0,91,9,0
323,1,1x14x14x16,interval_arithmetic,0.019508506,0.000396049,3136,3111,25,2235,876,0
323,2,1x7x7x32,lp,0.263581888,0.00832675,1568,1504,64,844,660,0
323,3,100,lp,0.051731732,0.000458376,100,99,1,91,8,0
324,1,1x14x14x16,interval_arithmetic,0.016779484,0.000469867,3136,3089,47,2232,857,0
324,2,1x7x7x32,lp,0.290813477,0.008946436,1568,1501,67,833,668,0
324,3,100,lp,0.048209419,0.000490385,100,99,1,91,8,0
325,1,1x14x14x16,interval_arithmetic,0.017333328,0.000474826,3136,3091,45,2234,857,0
325,2,1x7x7x32,lp,0.339508001,0.013355294,1568,1475,93,798,677,0
325,3,100,lp,0.02630486,1.4267e-5,100,100,0,91,9,0
326,1,1x14x14x16,interval_arithmetic,0.016865915,0.000395328,3136,3102,34,2248,854,0
326,2,1x7x7x32,lp,0.295009819,0.012609061,1568,1475,93,844,631,0
326,3,100,lp,0.059717375,1.3335e-5,100,100,0,91,9,0
327,1,1x14x14x16,interval_arithmetic,0.016703512,0.000418952,3136,3101,35,2236,865,0
327,2,1x7x7x32,lp,0.296474612,0.011941947,1568,1484,84,831,653,0
327,3,100,lp,0.048923592,2.3334e-5,100,100,0,91,9,0
328,1,1x14x14x16,interval_arithmetic,0.016908625,0.000328994,3136,3112,24,2202,910,0
328,2,1x7x7x32,lp,0.239311214,0.008564453,1568,1502,66,801,701,0
328,3,100,lp,0.0366679,1.2443e-5,100,100,0,92,8,0
329,1,1x14x14x16,interval_arithmetic,0.026617473,0.000462864,3136,3105,31,2238,867,0
329,2,1x7x7x32,lp,0.25232508,0.010385161,1568,1491,77,828,663,0
329,3,100,lp,0.025177782,1.4097e-5,100,100,0,91,9,0
330,1,1x14x14x16,interval_arithmetic,0.016527913,0.00030021,3136,3121,15,2283,838,0
330,2,1x7x7x32,lp,0.20970955,0.008166304,1568,1504,64,868,636,0
330,3,100,lp,0.049825291,1.3024e-5,100,100,0,92,8,0
331,1,1x14x14x16,interval_arithmetic,0.016586683,0.000269944,3136,3121,15,2292,829,0
331,2,1x7x7x32,lp,0.259969923,0.008595044,1568,1502,66,867,635,0
331,3,100,lp,0.041515278,0.000456041,100,99,1,91,8,0
332,1,1x14x14x16,interval_arithmetic,0.016575622,0.000408472,3136,3095,41,2236,859,0
332,2,1x7x7x32,lp,0.359171319,0.015912866,1568,1458,110,800,658,0
332,3,100,lp,0.070553029,0.000517776,100,99,1,91,8,0
333,1,1x14x14x16,interval_arithmetic,0.019398569,0.000269533,3136,3125,11,2291,834,0
333,2,1x7x7x32,lp,0.174157827,0.00839971,1568,1514,54,877,637,0
333,3,100,lp,0.027923843,1.3686e-5,100,100,0,92,8,0
334,1,1x14x14x16,interval_arithmetic,0.019199518,0.000577006,3136,3089,47,2224,865,0
334,2,1x7x7x32,lp,0.365410666,0.01121925,1568,1487,81,800,687,0
334,3,100,lp,0.051100921,0.000489874,100,99,1,91,8,0
335,1,1x14x14x16,interval_arithmetic,0.016744257,0.000436203,3136,3091,45,2226,865,0
335,2,1x7x7x32,lp,0.306719436,0.012982159,1568,1483,85,805,678,0
335,3,100,lp,0.074722708,0.000516103,100,99,1,91,8,0
336,1,1x14x14x16,interval_arithmetic,0.016790894,0.000414733,3136,3095,41,2241,854,0
336,2,1x7x7x32,lp,0.298243133,0.010579727,1568,1491,77,817,674,0
336,3,100,lp,0.028934769,1.4086e-5,100,100,0,91,9,0
337,1,1x14x14x16,interval_arithmetic,0.016740109,0.000446774,3136,3089,47,2210,879,0
337,2,1x7x7x32,lp,0.305340353,0.014084765,1568,1473,95,816,657,0
337,3,100,lp,0.026422342,1.4437e-5,100,100,0,91,9,0
338,1,1x14x14x16,interval_arithmetic,0.016647236,0.000375009,3136,3102,34,2247,855,0
338,2,1x7x7x32,lp,0.257591997,0.009527133,1568,1496,72,825,671,0
338,3,100,lp,0.045788961,0.000516694,100,99,1,92,7,0
339,1,1x14x14x16,interval_arithmetic,0.017165713,0.000532222,3136,3077,59,2165,912,0
339,2,1x7x7x32,lp,0.389777313,0.014841948,1568,1466,102,768,698,0
339,3,100,lp,0.061851921,0.000536742,100,99,1,91,8,0
340,1,1x14x14x16,interval_arithmetic,0.016752805,0.000480677,3136,3088,48,2220,868,0
340,2,1x7x7x32,lp,0.337785711,0.014414781,1568,1469,99,790,679,0
340,3,100,lp,0.063430106,0.000530711,100,99,1,91,8,0
342,1,1x14x14x16,interval_arithmetic,0.016750972,0.000469216,3136,3087,49,2249,838,0
342,2,1x7x7x32,lp,0.453923062,0.02091377,1568,1441,127,806,635,0
342,3,100,lp,0.099194191,1.4326e-5,100,100,0,91,9,0
343,1,1x14x14x16,interval_arithmetic,0.016347929,0.000317502,3136,3111,25,2278,833,0
343,2,1x7x7x32,lp,0.222775423,0.008050003,1568,1509,59,860,649,0
343,3,100,lp,0.056207327,0.000833967,100,98,2,91,7,0
344,1,1x14x14x16,interval_arithmetic,0.017106184,0.000528416,3136,3076,60,2190,886,0
344,2,1x7x7x32,lp,0.409127833,0.014623361,1568,1472,96,787,685,0
344,3,100,lp,0.073581041,0.000586294,100,99,1,91,8,0
345,1,1x14x14x16,interval_arithmetic,0.017254321,0.000478052,3136,3086,50,2214,872,0
345,2,1x7x7x32,lp,0.393584345,0.014892984,1568,1466,102,801,665,0
345,3,100,lp,0.027054992,1.2694e-5,100,100,0,91,9,0
346,1,1x14x14x16,interval_arithmetic,0.018424655,0.00023575,3136,3127,9,2285,842,0
346,2,1x7x7x32,lp,0.131257168,0.003977764,1568,1538,30,876,662,0
346,3,100,lp,0.036005876,0.000474706,100,99,1,92,7,0
347,1,1x14x14x16,interval_arithmetic,0.019712008,0.000485676,3136,3100,36,2214,886,0
347,2,1x7x7x32,lp,0.31426718,0.014856336,1568,1475,93,815,660,0
347,3,100,lp,0.030328991,1.2703e-5,100,100,0,91,9,0
348,1,1x14x14x16,interval_arithmetic,0.017000517,0.000474116,3136,3094,42,2178,916,0
348,2,1x7x7x32,lp,0.307632949,0.013115727,1568,1476,92,790,686,0
348,3,100,lp,0.05395867,0.000497037,100,99,1,91,8,0
349,1,1x14x14x16,interval_arithmetic,0.018979921,0.000336638,3136,3115,21,2280,835,0
349,2,1x7x7x32,lp,0.213993189,0.008018886,1568,1506,62,870,636,0
349,3,100,lp,0.051110813,0.000511424,100,99,1,91,8,0
350,1,1x14x14x16,interval_arithmetic,0.016754982,0.000452154,3136,3090,46,2238,852,0
350,2,1x7x7x32,lp,0.283279213,0.009994764,1568,1494,74,843,651,0
350,3,100,lp,0.026086007,1.2793e-5,100,100,0,91,9,0
351,1,1x14x14x16,interval_arithmetic,0.01659874,0.000284621,3136,3119,17,2272,847,0
351,2,1x7x7x32,lp,0.182809927,0.006540677,1568,1514,54,870,644,0
351,3,100,lp,0.024601126,1.4226e-5,100,100,0,91,9,0
352,1,1x14x14x16,interval_arithmetic,0.026579097,0.000406068,3136,3095,41,2201,894,0
352,2,1x7x7x32,lp,0.279247779,0.01081786,1568,1489,79,789,700,0
352,3,100,lp,0.049645349,0.000513879,100,99,1,91,8,0
353,1,1x14x14x16,interval_arithmetic,0.017255045,0.000537864,3136,3076,60,2166,910,0
353,2,1x7x7x32,lp,0.400487642,0.014877468,1568,1464,104,755,709,0
353,3,100,lp,0.059755177,0.000530781,100,99,1,91,8,0
354,1,1x14x14x16,interval_arithmetic,0.017432405,0.00045535,3136,3089,47,2149,940,0
354,2,1x7x7x32,lp,0.261532156,0.008829039,1568,1503,65,813,690,0
354,3,100,lp,0.04568637,0.000488151,100,99,1,91,8,0
355,1,1x14x14x16,interval_arithmetic,0.016463908,0.000351827,3136,3107,29,2276,831,0
355,2,1x7x7x32,lp,0.247467474,0.009839515,1568,1493,75,863,630,0
355,3,100,lp,0.047816094,0.000458245,100,99,1,91,8,0
356,1,1x14x14x16,interval_arithmetic,0.017152123,0.000470268,3136,3088,48,2208,880,0
356,2,1x7x7x32,lp,0.362581955,0.01510392,1568,1465,103,804,661,0
356,3,100,lp,0.057509737,1.2935e-5,100,100,0,91,9,0
357,1,1x14x14x16,interval_arithmetic,0.018256914,0.000499593,3136,3091,45,2196,895,0
357,2,1x7x7x32,lp,0.295744169,0.022110868,1568,1482,86,800,682,0
357,3,100,lp,0.05814404,0.000929154,100,98,2,91,7,0
358,1,1x14x14x16,interval_arithmetic,0.068968784,0.000294049,3136,3121,15,2304,817,0
358,2,1x7x7x32,lp,0.225099106,0.010416982,1568,1490,78,877,613,0
358,3,100,lp,0.024964544,1.3425e-5,100,100,0,91,9,0
359,1,1x14x14x16,interval_arithmetic,0.016921984,0.000375511,3136,3106,30,2255,851,0
359,2,1x7x7x32,lp,0.269957443,0.01013815,1568,1495,73,839,656,0
359,3,100,lp,0.051149807,1.2003e-5,100,100,0,91,9,0
360,1,1x14x14x16,interval_arithmetic,0.019697048,0.000500083,3136,3093,43,2204,889,0
360,2,1x7x7x32,lp,0.29464629,0.012470112,1568,1487,81,817,670,0
360,3,100,lp,0.052466743,0.000533746,100,99,1,91,8,0
361,1,1x14x14x16,interval_arithmetic,0.019749056,0.000608766,3136,3092,44,2217,875,0
361,2,1x7x7x32,lp,0.257412294,0.010072367,1568,1502,66,819,683,0
361,3,100,lp,0.058796827,0.000486177,100,99,1,91,8,0
362,1,1x14x14x16,interval_arithmetic,0.01672908,0.000393705,3136,3098,38,2210,888,0
362,2,1x7x7x32,lp,0.310433452,0.013205705,1568,1473,95,822,651,0
362,3,100,lp,0.043896951,1.2704e-5,100,100,0,92,8,0
363,1,1x14x14x16,interval_arithmetic,0.019361592,0.000548233,3136,3089,47,2218,871,0
363,2,1x7x7x32,lp,0.294698457,0.011855264,1568,1487,81,799,688,0
363,3,100,lp,0.043645391,1.6401e-5,100,100,0,92,8,0
364,1,1x14x14x16,interval_arithmetic,0.016751131,0.000397141,3136,3101,35,2247,854,0
364,2,1x7x7x32,lp,0.30674575,0.01163334,1568,1484,84,821,663,0
364,3,100,lp,0.026082846,1.3596e-5,100,100,0,91,9,0
365,1,1x14x14x16,interval_arithmetic,0.017006207,0.0004553,3136,3092,44,2205,887,0
365,2,1x7x7x32,lp,0.345194333,0.013643231,1568,1475,93,790,685,0
365,3,100,lp,0.056215008,0.000579922,100,99,1,91,8,0
366,1,1x14x14x16,interval_arithmetic,0.016865444,0.000451432,3136,3089,47,2226,863,0
366,2,1x7x7x32,lp,0.363520152,0.014590218,1568,1468,100,802,666,0
366,3,100,lp,0.055316402,1.2924e-5,100,100,0,91,9,0
367,1,1x14x14x16,interval_arithmetic,0.01729733,0.000484163,3136,3086,50,2209,877,0
367,2,1x7x7x32,lp,0.399172677,0.014818404,1568,1467,101,801,666,0
367,3,100,lp,0.057914921,1.583e-5,100,100,0,91,9,0
368,1,1x14x14x16,interval_arithmetic,0.017218453,0.00038071,3136,3101,35,2217,884,0
368,2,1x7x7x32,lp,0.33471178,0.026442778,1568,1457,111,771,686,0
368,3,100,lp,0.026466352,1.3245e-5,100,100,0,91,9,0
369,1,1x14x14x16,interval_arithmetic,0.024297083,0.000386311,3136,3101,35,2242,859,0
369,2,1x7x7x32,lp,0.278443813,0.011021127,1568,1487,81,830,657,0
369,3,100,lp,0.025562936,1.3976e-5,100,100,0,91,9,0
370,1,1x14x14x16,interval_arithmetic,0.017040381,0.000506996,3136,3086,50,2232,854,0
370,2,1x7x7x32,lp,0.362559029,0.015241693,1568,1468,100,797,671,0
370,3,100,lp,0.026651698,1.5679e-5,100,100,0,91,9,0
371,1,1x14x14x16,interval_arithmetic,0.016479033,0.000242242,3136,3123,13,2269,854,0
371,2,1x7x7x32,lp,0.184399607,0.007200227,1568,1512,56,861,651,0
371,3,100,lp,0.053485936,0.001165075,100,97,3,91,6,0
372,1,1x14x14x16,interval_arithmetic,0.016669288,0.000404635,3136,3097,39,2220,877,0
372,2,1x7x7x32,lp,0.244867824,0.008715234,1568,1504,64,826,678,0
372,3,100,lp,0.044229491,1.2974e-5,100,100,0,92,8,0
373,1,1x14x14x16,interval_arithmetic,0.016921118,0.000500103,3136,3082,54,2209,873,0
373,2,1x7x7x32,lp,0.418819823,0.01757596,1568,1457,111,770,687,0
373,3,100,lp,0.065313939,0.000537553,100,99,1,91,8,0
374,1,1x14x14x16,interval_arithmetic,0.019860754,0.00062179,3136,3079,57,2182,897,0
374,2,1x7x7x32,lp,0.368041731,0.016657827,1568,1476,92,796,680,0
374,3,100,lp,0.071233156,1.644e-5,100,100,0,91,9,0
375,1,1x14x14x16,interval_arithmetic,0.019359319,0.000575735,3136,3089,47,2214,875,0
375,2,1x7x7x32,lp,0.446581877,0.017963193,1568,1451,117,794,657,0
375,3,100,lp,0.026973369,1.3125e-5,100,100,0,91,9,0
376,1,1x14x14x16,interval_arithmetic,0.016750179,0.000459979,3136,3090,46,2213,877,0
376,2,1x7x7x32,lp,0.384614736,0.014099112,1568,1471,97,794,677,0
376,3,100,lp,0.053633161,0.000560195,100,99,1,91,8,0
378,1,1x14x14x16,interval_arithmetic,0.016586805,0.000317473,3136,3113,23,2294,819,0
378,2,1x7x7x32,lp,0.22349402,0.009888293,1568,1498,70,864,634,0
378,3,100,lp,0.025053024,1.4146e-5,100,100,0,91,9,0
379,1,1x14x14x16,interval_arithmetic,0.016462443,0.000321631,3136,3110,26,2287,823,0
379,2,1x7x7x32,lp,0.213142782,0.00753435,1568,1508,60,873,635,0
379,3,100,lp,0.041103869,0.000466822,100,99,1,91,8,0
380,1,1x14x14x16,interval_arithmetic,0.016855225,0.000395108,3136,3100,36,2238,862,0
380,2,1x7x7x32,lp,0.280372907,0.009549342,1568,1496,72,835,661,0
380,3,100,lp,0.046518615,1.2563e-5,100,100,0,91,9,0
381,1,1x14x14x16,interval_arithmetic,0.017414669,0.000553413,3136,3075,61,2196,879,0
381,2,1x7x7x32,lp,0.343527559,0.010015451,1568,1494,74,782,712,0
381,3,100,lp,0.051052045,1.7393e-5,100,100,0,91,9,0
383,1,1x14x14x16,interval_arithmetic,0.017031314,0.000343391,3136,3113,23,2215,898,0
383,2,1x7x7x32,lp,0.206635468,0.007007057,1568,1513,55,833,680,0
383,3,100,lp,0.051544494,0.00054097,100,99,1,91,8,0
384,1,1x14x14x16,interval_arithmetic,0.016585201,0.000326179,3136,3116,20,2280,836,0
384,2,1x7x7x32,lp,0.252354741,0.009364827,1568,1497,71,848,649,0
384,3,100,lp,0.049870299,0.000468074,100,99,1,91,8,0
385,1,1x14x14x16,interval_arithmetic,0.017542799,0.000560165,3136,3075,61,2187,888,0
385,2,1x7x7x32,lp,0.383235903,0.01497157,1568,1467,101,792,675,0
385,3,100,lp,0.048235949,1.4216e-5,100,100,0,92,8,0
386,1,1x14x14x16,interval_arithmetic,0.016881866,0.00028401,3136,3120,16,2303,817,0
386,2,1x7x7x32,lp,0.193939755,0.008104705,1568,1507,61,871,636,0
386,3,100,lp,0.040229988,0.000508229,100,99,1,91,8,0
387,1,1x14x14x16,interval_arithmetic,0.016792068,0.000413722,3136,3097,39,2234,863,0
387,2,1x7x7x32,lp,0.285641467,0.010915774,1568,1489,79,824,665,0
387,3,100,lp,0.030236347,1.4807e-5,100,100,0,91,9,0
388,1,1x14x14x16,interval_arithmetic,0.019412874,0.000502448,3136,3092,44,2246,846,0
388,2,1x7x7x32,lp,0.365698945,0.017167113,1568,1467,101,814,653,0
388,3,100,lp,0.063339505,0.000599468,100,99,1,91,8,0
389,1,1x14x14x16,interval_arithmetic,0.018774583,0.000361515,3136,3112,24,2284,828,0
389,2,1x7x7x32,lp,0.232965816,0.010596649,1568,1498,70,870,628,0
389,3,100,lp,0.0289632,1.2553e-5,100,100,0,91,9,0
390,1,1x14x14x16,interval_arithmetic,0.016558717,0.000309708,3136,3112,24,2241,871,0
390,2,1x7x7x32,lp,0.207714754,0.007785091,1568,1510,58,842,668,0
390,3,100,lp,0.024934641,1.4777e-5,100,100,0,91,9,0
391,1,1x14x14x16,interval_arithmetic,0.019678461,0.000492098,3136,3096,40,2172,924,0
391,2,1x7x7x32,lp,0.502151948,0.013633957,1568,1473,95,804,669,0
391,3,100,lp,0.026662366,1.4747e-5,100,100,0,91,9,0
392,1,1x14x14x16,interval_arithmetic,0.017282458,0.000492089,3136,3088,48,2181,907,0
392,2,1x7x7x32,lp,0.325368878,0.011196429,1568,1486,82,810,676,0
392,3,100,lp,0.026543754,1.3325e-5,100,100,0,91,9,0
393,1,1x14x14x16,interval_arithmetic,0.016903471,0.00042886,3136,3096,40,2238,858,0
393,2,1x7x7x32,lp,0.359154871,0.014472122,1568,1470,98,814,656,0
393,3,100,lp,0.071140316,0.000530099,100,99,1,91,8,0
394,1,1x14x14x16,interval_arithmetic,0.016488246,0.000277609,3136,3118,18,2287,831,0
394,2,1x7x7x32,lp,0.209661328,0.008664413,1568,1500,68,864,636,0
394,3,100,lp,0.024904725,1.3405e-5,100,100,0,91,9,0
395,1,1x14x14x16,interval_arithmetic,0.016833129,0.000524238,3136,3085,51,2238,847,0
395,2,1x7x7x32,lp,0.430055227,0.017912474,1568,1453,115,815,638,0
395,3,100,lp,0.060909359,1.3676e-5,100,100,0,91,9,0
396,1,1x14x14x16,interval_arithmetic,0.017306983,0.000537674,3136,3076,60,2192,884,0
396,2,1x7x7x32,lp,0.419773047,0.016240813,1568,1466,102,786,680,0
396,3,100,lp,0.048550637,1.3145e-5,100,100,0,92,8,0
397,1,1x14x14x16,interval_arithmetic,0.026333831,0.00055711,3136,3092,44,2207,885,0
397,2,1x7x7x32,lp,0.274085391,0.009954209,1568,1494,74,831,663,0
397,3,100,lp,0.04652173,0.00049286,100,99,1,91,8,0
398,1,1x14x14x16,interval_arithmetic,0.016848096,0.000462043,3136,3088,48,2231,857,0
398,2,1x7x7x32,lp,0.253745558,0.009691358,1568,1498,70,816,682,0
398,3,100,lp,0.099498867,0.000553593,100,99,1,91,8,0
399,1,1x14x14x16,interval_arithmetic,0.016894152,0.000380571,3136,3104,32,2243,861,0
399,2,1x7x7x32,lp,0.593751976,0.010648635,1568,1494,74,830,664,0
399,3,100,lp,0.025252071,1.3705e-5,100,100,0,91,9,0
400,1,1x14x14x16,interval_arithmetic,0.016857714,0.000344382,3136,3109,27,2234,875,0
400,2,1x7x7x32,lp,0.243756715,0.012462871,1568,1492,76,820,672,0
400,3,100,lp,0.029815579,1.2353e-5,100,100,0,91,9,0
401,1,1x14x14x16,interval_arithmetic,0.019509774,0.000554766,3136,3084,52,2184,900,0
401,2,1x7x7x32,lp,0.351031836,0.014081812,1568,1478,90,805,673,0
401,3,100,lp,0.031138408,1.3415e-5,100,100,0,91,9,0
402,1,1x14x14x16,interval_arithmetic,0.019332253,0.000562831,3136,3090,46,2224,866,0
402,2,1x7x7x32,lp,0.391218282,0.012249643,1568,1482,86,821,661,0
402,3,100,lp,0.026123928,1.3686e-5,100,100,0,91,9,0
403,1,1x14x14x16,interval_arithmetic,0.0171185,0.000597294,3136,3067,69,2178,889,0
403,2,1x7x7x32,lp,0.429194441,0.020518125,1568,1457,111,751,706,0
403,3,100,lp,0.048422777,1.3135e-5,100,100,0,91,9,0
404,1,1x14x14x16,interval_arithmetic,0.016809975,0.00050945,3136,3079,57,2215,864,0
404,2,1x7x7x32,lp,0.341107743,0.016143711,1568,1472,96,814,658,0
404,3,100,lp,0.031269071,1.3565e-5,100,100,0,91,9,0
405,1,1x14x14x16,interval_arithmetic,0.016717923,0.000462793,3136,3087,49,2221,866,0
405,2,1x7x7x32,lp,0.323908505,0.011689113,1568,1484,84,804,680,0
405,3,100,lp,0.062596956,0.000501035,100,99,1,91,8,0
406,1,1x14x14x16,interval_arithmetic,0.017056794,0.000352328,3136,3105,31,2201,904,0
406,2,1x7x7x32,lp,0.269582692,0.010150781,1568,1490,78,805,685,0
406,3,100,lp,0.025669424,1.4086e-5,100,100,0,91,9,0
407,1,1x14x14x16,interval_arithmetic,0.017281474,0.000517056,3136,3079,57,2150,929,0
407,2,1x7x7x32,lp,0.295743424,0.010722348,1568,1490,78,801,689,0
407,3,100,lp,0.037497818,1.2654e-5,100,100,0,91,9,0
408,1,1x14x14x16,interval_arithmetic,0.016727359,0.000342279,3136,3108,28,2195,913,0
408,2,1x7x7x32,lp,0.258162661,0.01031597,1568,1492,76,803,689,0
408,3,100,lp,0.044725682,0.000461261,100,99,1,91,8,0
409,1,1x14x14x16,interval_arithmetic,0.017643029,0.000463255,3136,3088,48,2202,886,0
409,2,1x7x7x32,lp,0.416735582,0.017430653,1568,1456,112,782,674,0
409,3,100,lp,0.063190375,1.3204e-5,100,100,0,91,9,0
410,1,1x14x14x16,interval_arithmetic,0.016499304,0.000292416,3136,3115,21,2279,836,0
410,2,1x7x7x32,lp,0.172512997,0.005729486,1568,1522,46,869,653,0
410,3,100,lp,0.038379133,0.000510323,100,99,1,91,8,0
411,1,1x14x14x16,interval_arithmetic,0.016660676,0.000361805,3136,3106,30,2248,858,0
411,2,1x7x7x32,lp,0.242384083,0.009430747,1568,1503,65,833,670,0
411,3,100,lp,0.047582996,1.4808e-5,100,100,0,92,8,0
412,1,1x14x14x16,interval_arithmetic,0.019215294,0.000350625,3136,3115,21,2269,846,0
412,2,1x7x7x32,lp,0.210402705,0.008690514,1568,1510,58,871,639,0
412,3,100,lp,0.04651402,0.00050368,100,99,1,91,8,0
413,1,1x14x14x16,interval_arithmetic,0.019414406,0.000494583,3136,3097,39,2169,928,0
413,2,1x7x7x32,lp,0.303655123,0.007342909,1568,1511,57,804,707,0
413,3,100,lp,0.050893616,1.3054e-5,100,100,0,91,9,0
414,1,1x14x14x16,interval_arithmetic,0.016804484,0.000416998,3136,3095,41,2204,891,0
414,2,1x7x7x32,lp,0.241137563,0.009812798,1568,1499,69,819,680,0
414,3,100,lp,0.070675002,0.000493662,100,99,1,91,8,0
415,1,1x14x14x16,interval_arithmetic,0.016617401,0.000410476,3136,3097,39,2243,854,0
415,2,1x7x7x32,lp,0.294120928,0.010766358,1568,1490,78,845,645,0
415,3,100,lp,0.067232716,0.000529799,100,99,1,91,8,0
416,1,1x14x14x16,interval_arithmetic,0.016690647,0.000369159,3136,3106,30,2251,855,0
416,2,1x7x7x32,lp,0.22832301,0.008787294,1568,1502,66,848,654,0
416,3,100,lp,0.055343893,0.000484734,100,99,1,91,8,0
417,1,1x14x14x16,interval_arithmetic,0.016373335,0.000273641,3136,3120,16,2283,837,0
417,2,1x7x7x32,lp,0.170951993,0.006677315,1568,1514,54,864,650,0
417,3,100,lp,0.024118784,1.3435e-5,100,100,0,92,8,0
418,1,1x14x14x16,interval_arithmetic,0.016769404,0.000384999,3136,3105,31,2236,869,0
418,2,1x7x7x32,lp,0.312365165,0.012311012,1568,1480,88,839,641,0
418,3,100,lp,0.048652692,1.2864e-5,100,100,0,91,9,0
419,1,1x14x14x16,interval_arithmetic,0.01697059,0.000577778,3136,3085,51,2208,877,0
419,2,1x7x7x32,lp,0.395570628,0.014957361,1568,1468,100,808,660,0
419,3,100,lp,0.062273829,0.00054096,100,99,1,91,8,0
420,1,1x14x14x16,interval_arithmetic,0.016392771,0.000362426,3136,3107,29,2291,816,0
420,2,1x7x7x32,lp,0.270768114,0.011327726,1568,1487,81,863,624,0
420,3,100,lp,0.04571642,1.3295e-5,100,100,0,91,9,0
421,1,1x14x14x16,interval_arithmetic,0.024119295,0.000429511,3136,3093,43,2256,837,0
421,2,1x7x7x32,lp,0.318377809,0.013512143,1568,1476,92,825,651,0
421,3,100,lp,0.026107225,1.4187e-5,100,100,0,91,9,0
422,1,1x14x14x16,interval_arithmetic,0.01678337,0.000419472,3136,3096,40,2221,875,0
422,2,1x7x7x32,lp,0.370026904,0.015555108,1568,1462,106,772,690,0
422,3,100,lp,0.057500819,0.000569874,100,99,1,91,8,0
423,1,1x14x14x16,interval_arithmetic,0.016770476,0.000422789,3136,3094,42,2233,861,0
423,2,1x7x7x32,lp,0.274706526,0.009886396,1568,1503,65,850,653,0
423,3,100,lp,0.05165742,1.4847e-5,100,100,0,91,9,0
424,1,1x14x14x16,interval_arithmetic,0.019506686,0.000533736,3136,3096,40,2224,872,0
424,2,1x7x7x32,lp,0.284089309,0.013087084,1568,1483,85,823,660,0
424,3,100,lp,0.054149321,0.000493451,100,99,1,91,8,0
425,1,1x14x14x16,interval_arithmetic,0.019767012,0.000596253,3136,3082,54,2197,885,0
425,2,1x7x7x32,lp,0.469937545,0.024494836,1568,1438,130,762,676,0
425,3,100,lp,0.072069126,0.000627641,100,99,1,91,8,0
426,1,1x14x14x16,interval_arithmetic,0.016675232,0.00038567,3136,3098,38,2217,881,0
426,2,1x7x7x32,lp,0.240434381,0.008791298,1568,1503,65,781,722,0
426,3,100,lp,0.025300749,1.4086e-5,100,100,0,92,8,0
427,1,1x14x14x16,interval_arithmetic,0.019260326,0.000449399,3136,3101,35,2254,847,0
427,2,1x7x7x32,lp,0.297359535,0.010550601,1568,1490,78,853,637,0
427,3,100,lp,0.025749508,1.3265e-5,100,100,0,91,9,0
428,1,1x14x14x16,interval_arithmetic,0.016527346,0.000313105,3136,3115,21,2289,826,0
428,2,1x7x7x32,lp,0.272349107,0.009931195,1568,1492,76,853,639,0
428,3,100,lp,0.054863364,0.000456011,100,99,1,91,8,0
429,1,1x14x14x16,interval_arithmetic,0.016792671,0.000436735,3136,3093,43,2230,863,0
429,2,1x7x7x32,lp,0.31477602,0.011192559,1568,1486,82,816,670,0
429,3,100,lp,0.060062177,0.000903516,100,98,2,91,7,0
430,1,1x14x14x16,interval_arithmetic,0.016855939,0.000482861,3136,3084,52,2216,868,0
430,2,1x7x7x32,lp,0.340376279,0.012169704,1568,1483,85,804,679,0
430,3,100,lp,0.037327245,1.2453e-5,100,100,0,91,9,0
431,1,1x14x14x16,interval_arithmetic,0.016732168,0.000335967,3136,3116,20,2288,828,0
431,2,1x7x7x32,lp,0.243638454,0.010182324,1568,1492,76,861,631,0
431,3,100,lp,0.043734273,0.000465189,100,99,1,91,8,0
432,1,1x14x14x16,interval_arithmetic,0.017155688,0.000576887,3136,3076,60,2207,869,0
432,2,1x7x7x32,lp,0.576493365,0.029837227,1568,1405,163,743,662,0
432,3,100,lp,0.028731282,1.3936e-5,100,100,0,91,9,0
433,1,1x14x14x16,interval_arithmetic,0.025176428,0.000341517,3136,3110,26,2261,849,0
433,2,1x7x7x32,lp,0.253414417,0.011906852,1568,1488,80,843,645,0
433,3,100,lp,0.02522024,1.3746e-5,100,100,0,91,9,0
434,1,1x14x14x16,interval_arithmetic,0.016789735,0.000492148,3136,3086,50,2217,869,0
434,2,1x7x7x32,lp,0.325693565,0.013487792,1568,1476,92,811,665,0
434,3,100,lp,0.067379873,1.2904e-5,100,100,0,91,9,0
435,1,1x14x14x16,interval_arithmetic,0.016511736,0.000384698,3136,3104,32,2252,852,0
435,2,1x7x7x32,lp,0.259565396,0.010511628,1568,1492,76,851,641,0
435,3,100,lp,0.047624524,1.3856e-5,100,100,0,91,9,0
436,1,1x14x14x16,interval_arithmetic,0.016951377,0.000419102,3136,3102,34,2224,878,0
436,2,1x7x7x32,lp,0.218434012,0.007974423,1568,1509,59,844,665,0
436,3,100,lp,0.025152483,1.3816e-5,100,100,0,91,9,0
437,1,1x14x14x16,interval_arithmetic,0.016844197,0.00053023,3136,3077,59,2213,864,0
437,2,1x7x7x32,lp,0.341392374,0.013670003,1568,1485,83,818,667,0
437,3,100,lp,0.031013562,1.3405e-5,100,100,0,91,9,0
438,1,1x14x14x16,interval_arithmetic,0.020276944,0.000607945,3136,3086,50,2142,944,0
438,2,1x7x7x32,lp,0.289173706,0.012058435,1568,1488,80,771,717,0
438,3,100,lp,0.055982121,0.00052022,100,99,1,91,8,0
439,1,1x14x14x16,interval_arithmetic,0.019210493,0.000473834,3136,3100,36,2252,848,0
439,2,1x7x7x32,lp,0.332435607,0.011470468,1568,1487,81,833,654,0
439,3,100,lp,0.050492186,1.3605e-5,100,100,0,92,8,0
440,1,1x14x14x16,interval_arithmetic,0.016676685,0.000406829,3136,3096,40,2242,854,0
440,2,1x7x7x32,lp,0.305134855,0.015600656,1568,1473,95,833,640,0
440,3,100,lp,0.030930337,1.4548e-5,100,100,0,91,9,0
441,1,1x14x14x16,interval_arithmetic,0.017480113,0.000523557,3136,3081,55,2113,968,0
441,2,1x7x7x32,lp,0.382565266,0.016231103,1568,1455,113,761,694,0
441,3,100,lp,0.062154611,0.000520261,100,99,1,91,8,0
442,1,1x14x14x16,interval_arithmetic,0.017196095,0.000491657,3136,3090,46,2207,883,0
442,2,1x7x7x32,lp,0.303392389,0.012636064,1568,1477,91,800,677,0
442,3,100,lp,0.064798169,0.000540759,100,99,1,91,8,0
443,1,1x14x14x16,interval_arithmetic,0.017016559,0.000493511,3136,3089,47,2202,887,0
443,2,1x7x7x32,lp,0.330944682,0.010611214,1568,1490,78,812,678,0
443,3,100,lp,0.025839296,1.3425e-5,100,100,0,92,8,0
444,1,1x14x14x16,interval_arithmetic,0.016573463,0.000414794,3136,3094,42,2251,843,0
444,2,1x7x7x32,lp,0.454659583,0.022050214,1568,1433,135,820,613,0
444,3,100,lp,0.027436978,2.6931e-5,100,100,0,91,9,0
445,1,1x14x14x16,interval_arithmetic,0.016774237,0.000498761,3136,3084,52,2202,882,0
445,2,1x7x7x32,lp,0.362529421,0.014269824,1568,1472,96,802,670,0
445,3,100,lp,0.065927687,0.00093775,100,98,2,91,7,0
446,1,1x14x14x16,interval_arithmetic,0.017359099,0.000502888,3136,3080,56,2213,867,0
446,2,1x7x7x32,lp,0.468520372,0.020886011,1568,1442,126,776,666,0
446,3,100,lp,0.084909383,0.000596564,100,99,1,91,8,0
447,1,1x14x14x16,interval_arithmetic,0.017005569,0.000541891,3136,3079,57,2179,900,0
447,2,1x7x7x32,lp,0.352705132,0.015192344,1568,1467,101,807,660,0
447,3,100,lp,0.075604014,0.000950915,100,98,2,91,7,0
448,1,1x14x14x16,interval_arithmetic,0.016826685,0.00040744,3136,3097,39,2203,894,0
448,2,1x7x7x32,lp,0.286700234,0.010650998,1568,1492,76,834,658,0
448,3,100,lp,0.025901822,1.8395e-5,100,100,0,91,9,0
449,1,1x14x14x16,interval_arithmetic,0.065741788,0.000451994,3136,3097,39,2209,888,0
449,2,1x7x7x32,lp,0.270781304,0.012642405,1568,1485,83,821,664,0
449,3,100,lp,0.025768854,1.4227e-5,100,100,0,91,9,0
451,1,1x14x14x16,interval_arithmetic,0.016958832,0.000360082,3136,3109,27,2196,913,0
451,2,1x7x7x32,lp,0.216717833,0.007683791,1568,1507,61,822,685,0
451,3,100,lp,0.029407615,1.3145e-5,100,100,0,91,9,0
452,1,1x14x14x16,interval_arithmetic,0.019691973,0.000413793,3136,3111,25,2195,916,0
452,2,1x7x7x32,lp,0.195337079,0.007490029,1568,1516,52,810,706,0
452,3,100,lp,0.028816381,1.3956e-5,100,100,0,91,9,0
453,1,1x14x14x16,interval_arithmetic,0.019357859,0.000464748,3136,3101,35,2234,867,0
453,2,1x7x7x32,lp,0.350141209,0.013072608,1568,1474,94,812,662,0
453,3,100,lp,0.052780017,1.2995e-5,100,100,0,91,9,0
454,1,1x14x14x16,interval_arithmetic,0.016959472,0.000542653,3136,3076,60,2194,882,0
454,2,1x7x7x32,lp,0.418879529,0.013597567,1568,1472,96,764,708,0
454,3,100,lp,0.054407634,1.3285e-5,100,100,0,91,9,0
455,1,1x14x14x16,interval_arithmetic,0.016975522,0.00038058,3136,3100,36,2230,870,0
455,2,1x7x7x32,lp,0.280646377,0.010410219,1568,1490,78,816,674,0
455,3,100,lp,0.026009112,1.3015e-5,100,100,0,91,9,0
456,1,1x14x14x16,interval_arithmetic,0.028589147,0.00032641,3136,3113,23,2273,840,0
456,2,1x7x7x32,lp,0.203077185,0.007127732,1568,1511,57,877,634,0
456,3,100,lp,0.058576775,0.0008839,100,98,2,91,7,0
457,1,1x14x14x16,interval_arithmetic,0.016837675,0.000473494,3136,3089,47,2244,845,0
457,2,1x7x7x32,lp,0.315246824,0.011522285,1568,1486,82,825,661,0
457,3,100,lp,0.026370476,1.4848e-5,100,100,0,91,9,0
458,1,1x14x14x16,interval_arithmetic,0.01677617,0.000593758,3136,3085,51,2222,863,0
458,2,1x7x7x32,lp,0.308512606,0.012328779,1568,1482,86,818,664,0
458,3,100,lp,0.057587499,1.3475e-5,100,100,0,91,9,0
459,1,1x14x14x16,interval_arithmetic,0.017383374,0.000502447,3136,3081,55,2207,874,0
459,2,1x7x7x32,lp,0.36364935,0.013706472,1568,1478,90,829,649,0
459,3,100,lp,0.026480432,1.2814e-5,100,100,0,91,9,0
460,1,1x14x14x16,interval_arithmetic,0.02690771,0.000415425,3136,3105,31,2218,887,0
460,2,1x7x7x32,lp,0.293217321,0.013602407,1568,1471,97,794,677,0
460,3,100,lp,0.048830225,0.000510703,100,99,1,91,8,0
461,1,1x14x14x16,interval_arithmetic,0.016657109,0.000428721,3136,3097,39,2243,854,0
461,2,1x7x7x32,lp,0.281679738,0.010161815,1568,1494,74,837,657,0
461,3,100,lp,0.048121853,0.000480086,100,99,1,91,8,0
462,1,1x14x14x16,interval_arithmetic,0.01685625,0.000315179,3136,3111,25,2190,921,0
462,2,1x7x7x32,lp,0.564049343,0.008277178,1568,1503,65,813,690,0
462,3,100,lp,0.046542715,1.4857e-5,100,100,0,92,8,0
463,1,1x14x14x16,interval_arithmetic,0.017006801,0.000306292,3136,3115,21,2168,947,0
463,2,1x7x7x32,lp,0.23530196,0.00874399,1568,1504,64,802,702,0
463,3,100,lp,0.029079453,1.3425e-5,100,100,0,91,9,0
464,1,1x14x14x16,interval_arithmetic,0.019860276,0.000495685,3136,3095,41,2191,904,0
464,2,1x7x7x32,lp,0.33125818,0.016461504,1568,1473,95,795,678,0
464,3,100,lp,0.095482856,1.4637e-5,100,100,0,92,8,0
465,1,1x14x14x16,interval_arithmetic,0.017151481,0.000554705,3136,3078,58,2196,882,0
465,2,1x7x7x32,lp,0.418290704,0.017037308,1568,1455,113,793,662,0
465,3,100,lp,0.123635078,0.001011749,100,98,2,91,7,0
466,1,1x14x14x16,interval_arithmetic,0.016987595,0.000332922,3136,3114,22,2199,915,0
466,2,1x7x7x32,lp,0.231484295,0.009126413,1568,1497,71,810,687,0
466,3,100,lp,0.025360442,1.4056e-5,100,100,0,91,9,0
467,1,1x14x14x16,interval_arithmetic,0.01685086,0.000439631,3136,3090,46,2207,883,0
467,2,1x7x7x32,lp,0.373702015,0.017643599,1568,1450,118,793,657,0
467,3,100,lp,0.027011142,1.2584e-5,100,100,0,91,9,0
468,1,1x14x14x16,interval_arithmetic,0.017126605,0.000442917,3136,3095,41,2211,884,0
468,2,1x7x7x32,lp,0.295107599,0.010128454,1568,1492,76,825,667,0
468,3,100,lp,0.047201405,0.000509782,100,99,1,92,7,0
469,1,1x14x14x16,interval_arithmetic,0.01760109,0.000309177,3136,3114,22,2211,903,0
469,2,1x7x7x32,lp,0.22004958,0.008195906,1568,1504,64,833,671,0
469,3,100,lp,0.04940659,0.000467673,100,99,1,91,8,0
470,1,1x14x14x16,interval_arithmetic,0.016764218,0.000432307,3136,3092,44,2202,890,0
470,2,1x7x7x32,lp,0.282870205,0.010251714,1568,1494,74,801,693,0
470,3,100,lp,0.046364783,0.000532243,100,99,1,91,8,0
471,1,1x14x14x16,interval_arithmetic,0.017125883,0.000486778,3136,3087,49,2205,882,0
471,2,1x7x7x32,lp,0.357808737,0.015675336,1568,1467,101,807,660,0
471,3,100,lp,0.070518221,0.000564183,100,99,1,91,8,0
472,1,1x14x14x16,interval_arithmetic,0.016704707,0.000363198,3136,3104,32,2260,844,0
472,2,1x7x7x32,lp,0.291417398,0.01232357,1568,1481,87,835,646,0
472,3,100,lp,0.055850938,0.000490135,100,99,1,91,8,0
473,1,1x14x14x16,interval_arithmetic,0.016904239,0.000406208,3136,3100,36,2223,877,0
473,2,1x7x7x32,lp,0.353409647,0.01309494,1568,1481,87,812,669,0
473,3,100,lp,0.050436432,0.000545709,100,99,1,91,8,0
474,1,1x14x14x16,interval_arithmetic,0.016249708,0.000290112,3136,3115,21,2302,813,0
474,2,1x7x7x32,lp,0.286570242,0.013047871,1568,1473,95,865,608,0
474,3,100,lp,0.02585808,1.3455e-5,100,100,0,91,9,0
475,1,1x14x14x16,interval_arithmetic,0.019831983,0.000594259,3136,3080,56,2169,911,0
475,2,1x7x7x32,lp,0.374017638,0.015788757,1568,1477,91,789,688,0
475,3,100,lp,0.03107145,1.4247e-5,100,100,0,91,9,0
476,1,1x14x14x16,interval_arithmetic,0.019916251,0.000500224,3136,3100,36,2178,922,0
476,2,1x7x7x32,lp,0.341374034,0.013564146,1568,1477,91,786,691,0
476,3,100,lp,0.049759939,0.000558753,100,99,1,91,8,0
477,1,1x14x14x16,interval_arithmetic,0.016665213,0.000356916,3136,3108,28,2273,835,0
477,2,1x7x7x32,lp,0.248524424,0.009099713,1568,1500,68,855,645,0
477,3,100,lp,0.070412966,0.000878259,100,98,2,91,7,0
478,1,1x14x14x16,interval_arithmetic,0.016672837,0.00031618,3136,3111,25,2229,882,0
478,2,1x7x7x32,lp,0.255447139,0.01069999,1568,1489,79,800,689,0
478,3,100,lp,0.025630475,1.4166e-5,100,100,0,91,9,0
479,1,1x14x14x16,interval_arithmetic,0.016665433,0.000440122,3136,3089,47,2235,854,0
479,2,1x7x7x32,lp,0.316523358,0.011241821,1568,1486,82,830,656,0
479,3,100,lp,0.026451978,1.3485e-5,100,100,0,91,9,0
480,1,1x14x14x16,interval_arithmetic,0.016782612,0.000475467,3136,3083,53,2219,864,0
480,2,1x7x7x32,lp,0.338536673,0.014368165,1568,1470,98,794,676,0
480,3,100,lp,0.027243695,1.3666e-5,100,100,0,91,9,0
481,1,1x14x14x16,interval_arithmetic,0.016364862,0.000274813,3136,3118,18,2293,825,0
481,2,1x7x7x32,lp,0.202322575,0.008084158,1568,1505,63,876,629,0
481,3,100,lp,0.050778809,0.000475408,100,99,1,91,8,0
482,1,1x14x14x16,interval_arithmetic,0.016759989,0.000382213,3136,3101,35,2233,868,0
482,2,1x7x7x32,lp,0.266150849,0.011467892,1568,1488,80,832,656,0
482,3,100,lp,0.04927374,1.3446e-5,100,100,0,91,9,0
483,1,1x14x14x16,interval_arithmetic,0.01679234,0.00036459,3136,3105,31,2251,854,0
483,2,1x7x7x32,lp,0.271089816,0.010086946,1568,1494,74,831,663,0
483,3,100,lp,0.053414388,0.000463155,100,99,1,92,7,0
484,1,1x14x14x16,interval_arithmetic,0.024890574,0.000408663,3136,3103,33,2269,834,0
484,2,1x7x7x32,lp,0.282292243,0.012255793,1568,1483,85,833,650,0
484,3,100,lp,0.026630631,1.4527e-5,100,100,0,91,9,0
485,1,1x14x14x16,interval_arithmetic,0.016687073,0.000456132,3136,3095,41,2245,850,0
485,2,1x7x7x32,lp,0.24311106,0.008682945,1568,1504,64,836,668,0
485,3,100,lp,0.058585098,0.000484665,100,99,1,91,8,0
486,1,1x14x14x16,interval_arithmetic,0.016827505,0.00052515,3136,3080,56,2217,863,0
486,2,1x7x7x32,lp,0.324858395,0.010482002,1568,1494,74,812,682,0
486,3,100,lp,0.026090152,1.3866e-5,100,100,0,91,9,0
487,1,1x14x14x16,interval_arithmetic,0.016764056,0.000449399,3136,3089,47,2210,879,0
487,2,1x7x7x32,lp,0.312701697,0.012331805,1568,1483,85,800,683,0
487,3,100,lp,0.026501069,1.2804e-5,100,100,0,91,9,0
488,1,1x14x14x16,interval_arithmetic,0.016790146,0.000457213,3136,3092,44,2219,873,0
488,2,1x7x7x32,lp,0.325957737,0.011533034,1568,1487,81,839,648,0
488,3,100,lp,0.051214462,0.000516695,100,99,1,91,8,0
489,1,1x14x14x16,interval_arithmetic,0.01682989,0.000437407,3136,3094,42,2242,852,0
489,2,1x7x7x32,lp,0.294197374,0.011919025,1568,1489,79,825,664,0
489,3,100,lp,0.030279561,1.2694e-5,100,100,0,91,9,0
490,1,1x14x14x16,interval_arithmetic,0.019672014,0.000300501,3136,3122,14,2300,822,0
490,2,1x7x7x32,lp,0.200337162,0.008218909,1568,1511,57,872,639,0
490,3,100,lp,0.050563287,0.00044967,100,99,1,91,8,0
491,1,1x14x14x16,interval_arithmetic,0.019539927,0.00058441,3136,3090,46,2228,862,0
491,2,1x7x7x32,lp,0.300955747,0.010591316,1568,1495,73,806,689,0
491,3,100,lp,0.048269356,1.5689e-5,100,100,0,91,9,0
492,1,1x14x14x16,interval_arithmetic,0.01798767,0.000563442,3136,3085,51,2230,855,0
492,2,1x7x7x32,lp,0.358789243,0.012573977,1568,1480,88,802,678,0
492,3,100,lp,0.053630491,0.000495375,100,99,1,91,8,0
493,1,1x14x14x16,interval_arithmetic,0.016811356,0.000313375,3136,3112,24,2220,892,0
493,2,1x7x7x32,lp,0.250672343,0.009578396,1568,1494,74,808,686,0
493,3,100,lp,0.025309886,1.3665e-5,100,100,0,91,9,0
494,1,1x14x14x16,interval_arithmetic,0.017024964,0.000532855,3136,3075,61,2155,920,0
494,2,1x7x7x32,lp,0.380941947,0.014866165,1568,1465,103,763,702,0
494,3,100,lp,0.072127833,0.001046523,100,98,2,91,7,0
495,1,1x14x14x16,interval_arithmetic,0.01660511,0.000368368,3136,3105,31,2227,878,0
495,2,1x7x7x32,lp,0.309604128,0.013848887,1568,1469,99,827,642,0
495,3,100,lp,0.066742172,0.000933231,100,98,2,91,7,0
496,1,1x14x14x16,interval_arithmetic,0.016904579,0.000400838,3136,3097,39,2162,935,0
496,2,1x7x7x32,lp,0.271720245,0.007911245,1568,1509,59,822,687,0
496,3,100,lp,0.025495553,1.3315e-5,100,100,0,91,9,0
497,1,1x14x14x16,interval_arithmetic,0.026512778,0.000441463,3136,3100,36,2247,853,0
497,2,1x7x7x32,lp,0.293795808,0.013006803,1568,1486,82,838,648,0
497,3,100,lp,0.062016835,1.3405e-5,100,100,0,91,9,0
498,1,1x14x14x16,interval_arithmetic,0.016416767,0.00032695,3136,3113,23,2259,854,0
498,2,1x7x7x32,lp,0.211904824,0.008682814,1568,1502,66,860,642,0
498,3,100,lp,0.041299502,0.000474826,100,99,1,91,8,0
499,1,1x14x14x16,interval_arithmetic,0.016893186,0.000468424,3136,3089,47,2218,871,0
499,2,1x7x7x32,lp,0.302119101,0.012642423,1568,1483,85,813,670,0
499,3,100,lp,0.104758839,0.000582939,100,99,1,91,8,0
500,1,1x14x14x16,interval_arithmetic,0.016510271,0.000421035,3136,3098,38,2262,836,0
500,2,1x7x7x32,lp,0.58101918,0.008985749,1568,1502,66,856,646,0
500,3,100,lp,0.025409799,1.4708e-5,100,100,0,91,9,0
